install_region,id_unit,owner_operator,last_overhaul,modelCode,dutyClass,depotId,hoursService,numberSerial
New Shane,1,Antunes,"10/03/2023, 00:00:00",APU-12,3,106,34094.60000,SG-1619-42643
Tomar,2,Wiek GmbH & Co. KG,"03/26/2020, 00:00:00",XC-7,1,111,,ZD-8362-37250
Gouveia,3,Wagner,"06/10/2019, 00:00:00",APU-15,normal,79,27642.50000,IG-0808-58786
Vila Nova de Foz Côa,4,Lima,2015-10-14,APU-12,1,104,3461.60000,OQ-3972-90589
Lippstadt,5,Gaspar Ferreira S.A.,"04/26/2023, 00:00:00",APU-12,1,18,4657.50000,OL-0793-38153
Burg,6,Duncan-Brown,"12/10/2015, 00:00:00",APU-12,2,61,45000.00000,FY-9550-53917
Dresden,7,Möchlichen,2018-02-22,APU-12,normal,59,8666.90000,ZP-6016-20365
Tomar,8,Wirth Mende GmbH & Co. KG,2021/04/29,APU-15,normal,92,4879.40000,DK-7467-88161
South Amyport,9,Lozano-Nguyen,2017-06-06,APU-20, L ,7,3947.00000,YO-3229-91354
Saulgau,10,Lima,26 Jan 2022,APU-12,3,60,22291.10000,IB-3014-48965
East Candace,11,Pinto,2023/07/30,XC-7, N ,52,44069.40000,ZL-2795-01512
South Melissaside,12,Wirth Mende GmbH & Co. KG,2019/02/02,APU-15,light,38,6613.80000,QY-8953-21160
East Zachary,13,Wagenknecht,2022-12-19,APU-15,2,58,3892.20000,NB-0287-31337
North Maria,14,"Pierce, Fuller and Lester",2023-04-08,APU-12, normal ,68,6363.80000,YI-7102-20237
Cartaxo,15,"Barnes, Ross and Hurst",24 Jul 2020,APU-20,light,15,12719.90000,QF-6060-38930
Jenniferton,16,Johann GmbH,2022/01/07,XC-7,H,90,24760.80000,LT-8151-07559
Fergusonport,17,Lozano-Nguyen,2023-10-30,APU-20,L,34,26516.50000,EZ-2427-96632
Devinview,18,Antunes,"12/17/2021, 00:00:00",APU-12,2,67,5085.60000,LH-5698-25560
Kellychester,19,Smith-Scott,14 Apr 2021,XC-7,3,101,19832.10000,MM-3402-72188
Vila Nova de Santo André,20,Karz KG,2015-01-06,APU-20,1,95,25726.30000,DD-9848-82419
Nicholsburgh,21,Silva,26 Jan 2016,XC-7,2,52,20825.00000,CK-5176-24047
Cartaxo,22,Mendes e Filhos,2021-07-25,XC-7, 1 ,34,7137.20000,NG-3221-53473
Odivelas,23,Gaspar Ferreira S.A.,2018-08-06,APU-12,2,68,8311.30000,FH-5687-75138
Thomasland,24,Ribeiro,2017-10-24,XC-7,1,16,22652.40000,NY-1528-68651
Gouveia,25,Jähn,26 Aug 2016,APU-20,N,110,18421.60000,OM-9639-05453
Vila Nova de Foz Côa,26,Smith-Scott,21 May 2015,APU-20,1,23,8172.30000,SC-7681-89199
Aachen,27,Wiek GmbH & Co. KG,2015/01/06,APU-15,1,22,6662.50000,TX-4303-31991
Santarém,28,Phillips PLC,2019/07/07,XC-7,light,26,11157.70000,IH-1203-60911
Hofgeismar,29,Ramos,2023/02/19,APU-15,light,7,20063.60000,NT-1892-76932
East Zachary,30,Wähner,2024/05/18,APU-12,H,113,13001.80000,PS-0177-23709
South Melissaside,31,Möchlichen,05 May 2020,APU-20,L,57,5208.50000,JR-9889-72810
North Maria,32,Phillips PLC,2020-02-06,APU-20,med,75,23170.00000,VY-7629-80468
Santarém,33,Phillips PLC,"01/29/2019, 00:00:00",APU-12,light,12,12954.30000,HN-6601-18979
Vila Nova de Santo André,34,Gaspar Ferreira S.A.,03 Jan 2024,APU-12,med,42,9070.70000,IV-3511-39818
Kellychester,35,Smith-Scott,"06/08/2016, 00:00:00",APU-12,light,33,18402.10000,PI-2719-15495
Ludwigslust,36,Riehl Zahn GmbH & Co. OHG,2024-10-05,APU-15,3,92,15558.20000,RP-6749-73796
Lippstadt,37,"Pierce, Fuller and Lester",20 Aug 2020,APU-20,L,49,8872.00000,AB-7166-12112
Angra do Heroísmo,38,Melo,"05/11/2023, 00:00:00",XC-7,1,8,3796.80000,CF-4036-36039
Thomasland,39,Möchlichen,2019/03/01,XC-7,1,17,13714.00000,HL-9984-49767
Odivelas,40,Johnson PLC,2024/01/24,APU-12,med,31,25689.40000,WK-1313-90429
Dianastad,41,Olson-Wyatt,"09/21/2019, 00:00:00",XC-7,1,118,8218.20000,QM-9627-88311
Winterston,42,Leal S/A,2020/11/02,APU-12,H,89,2913.50000,EG-7669-58949
Sebnitz,43,Melo,01 Jul 2017,APU-15,L,25,18558.30000,IH-9221-16457
Odivelas,44,Branco S/A,03 Aug 2017,APU-20,normal,44,,CZ-9852-32469
Saulgau,45,Pinto,27 Apr 2024,APU-12,N,60,8482.90000,DZ-6091-16708
Nicholsburgh,46,Jähn,13 Jan 2016,XC-7,H,106,5537.20000,QS-3739-89009
Odivelas,47,Melo,"10/25/2016, 00:00:00",XC-7,L,58,,HB-3713-81666
Setúbal,48,Lima,2023-06-07,XC-7,3,70,3850.50000,YV-1932-97242
Freising,49,Duncan-Brown,"10/17/2019, 00:00:00",APU-15,light,26,24132.70000,CI-6687-98689
Aachen,50,Johann GmbH,23 Sep 2019,APU-12,light,16,27575.10000,YV-9451-56371
Odivelas,51,Ribeiro,2015-11-02,APU-12,L,9,6770.50000,IF-5672-96015
Vila Nova de Foz Côa,52,Duncan-Brown,12 Sep 2016,APU-20,1,19,7328.50000,ZJ-7972-77093
Dianastad,53,Johann GmbH,2022/03/10,APU-12,2,59,16213.50000,VI-4304-67770
Freising,54,Ramos,02 Apr 2022,APU-15,med,71,10373.70000,VC-1783-01500
Fergusonport,55,Johann GmbH,20 Jul 2024,APU-20,2,65,18724.90000,LM-3901-13773
Porto Santo,56,Johann GmbH,13 Nov 2017,APU-20,N,30,5620.50000,HX-4071-30875
Cartaxo,57,Jähn,"06/04/2021, 00:00:00",APU-20,3,27,7164.20000,ON-1848-57738
Odivelas,58,Schenk,2018-05-30,XC-7,light,21,16179.10000,TV-2593-09529
Bad Kissingen,59,Johann GmbH,"07/21/2021, 00:00:00",APU-15,2,93,8483.90000,ZI-5460-04910
Jasminebury,60,Sousa,2021-04-02,APU-12,H,101,20893.70000,MP-4552-18521
North Kimberly,61,Ramos,"10/27/2017, 00:00:00",APU-20,1,2,4168.50000,SC-1587-36966
Dianastad,62,Johann GmbH,2017-02-23,XC-7,heavy,95,12714.80000,DI-0877-02045
Porto Santo,63,Johann GmbH,"07/06/2015, 00:00:00",APU-15,heavy,91,14302.00000,RZ-8872-17750
Dianastad,64,Pinto,29 Aug 2019,APU-20,H,81,11876.40000,UO-1700-06648
Mirandela,65,Riehl Zahn GmbH & Co. OHG,28 Oct 2023,XC-7,L,15,12373.10000,ER-0558-88097
Sebnitz,66,Olson-Wyatt,"09/17/2020, 00:00:00",XC-7,3,99,13857.60000,II-9124-46262
Vila Nova de Santo André,67,Jähn,2020-10-11,XC-7,heavy,95,10728.00000,CP-8214-93064
Setúbal,68,Jähn,24 Feb 2022,XC-7, 1 ,16,,HG-1119-95696
Lippstadt,69,"Barnes, Ross and Hurst",16 Mar 2017,APU-20,1,97,6021.50000,BO-6887-24967
Sebnitz,70,Mendes e Filhos,"06/14/2022, 00:00:00",APU-15, 2 ,69,17098.90000,DD-1267-86366
Jenniferton,71,Olson-Wyatt,2021-04-17,APU-15,1,110,9016.70000,CS-5076-92280
Wittstock,72,Olson-Wyatt,2022/05/01,XC-7,L,59,28404.60000,GK-2280-55455
Dresden,73,Ribeiro,"05/06/2019, 00:00:00",APU-15,2,60,4740.70000,LY-2268-07257
Neu-Ulm,74,Mendes e Filhos,2015-03-30,XC-7, heavy ,44,10642.00000,LJ-6318-89828
Salazarville,75,Wagner,2022/05/02,APU-15, L ,55,22334.90000,NE-9244-84217
Porto Santo,76,Möchlichen,2021-06-03,XC-7, 1 ,20,11212.50000,OT-0783-61212
Santo Tirso,77,Riehl Zahn GmbH & Co. OHG,07 Feb 2019,APU-15,heavy,93,,CW-4230-84510
Adamstad,78,Branco S/A,23 Aug 2022,APU-15,med,99,13094.80000,OF-7313-27019
Loulé,79,Wagner,"04/23/2019, 00:00:00",APU-20,N,55,18147.80000,QF-0667-77970
Mirandela,80,Gude GmbH,04 Mar 2024,APU-12,N,115,8601.60000,XZ-5215-13635
Neu-Ulm,81,Wagenknecht,2024/01/28,APU-20,light,10,23352.30000,ED-3772-94604
East Zachary,82,Ramos,2015-03-05,XC-7, 3 ,116,5392.60000,EX-2781-35705
Cartaxo,83,Riehl Zahn GmbH & Co. OHG,20 Jun 2024,APU-15,light,75,21610.90000,ZO-3131-48961
Goslar,84,Metz GmbH & Co. KGaA,2020-05-11,XC-7,2,62,45000.00000,WZ-0057-73960
Grevenbroich,85,Gude GmbH,05 Feb 2017,XC-7,normal,61,4200.40000,GL-1153-14393
Aachen,86,Möchlichen,"03/19/2016, 00:00:00",APU-15,L,30,6375.20000,PF-2306-20908
Adamstad,87,Möchlichen,06 Jul 2022,APU-15,heavy,95,8209.00000,YR-0635-05209
Devinview,88,Silva,2018-09-25,APU-15,L,27,18619.40000,GT-3008-25709
East Zachary,89,Phillips PLC,"10/11/2018, 00:00:00",APU-12,H,107,3922.40000,XJ-5361-03456
Miltenberg,90,Wirth Mende GmbH & Co. KG,25 Nov 2019,APU-12,normal,49,19274.20000,NP-1295-91417
Fergusonport,91,Johnson PLC,07 Dec 2022,XC-7,1,33,,WX-5259-28928
North David,92,Cameron-Smith,"07/31/2017, 00:00:00",XC-7,H,82,16531.80000,OJ-3314-16589
Santo Tirso,93,Karz KG,"09/29/2018, 00:00:00",APU-15,1,12,45000.00000,ZY-5713-50208
Ribeira Grande,94,Olson-Wyatt,2024-10-20,APU-15,N,87,20688.10000,NO-5966-12859
South Amyport,95,Johnson PLC,2022-02-22,APU-15,2,69,21541.40000,QW-7270-54071
Sebnitz,96,Ribeiro,19 Oct 2022,XC-7,3,95,12134.10000,ED-0979-78404
East Candace,97,Ortiz Inc,2019/08/03,XC-7,1,13,23703.40000,GG-3692-63234
Odivelas,98,Melo,2018/05/15,APU-20,L,31,13471.00000,UO-3582-30873
Artern,99,Ortiz Inc,"01/21/2017, 00:00:00",APU-15, L ,10,14107.90000,IR-0857-19974
East Candace,100,Lozano-Nguyen,2022-04-26,APU-20,med,64,11388.50000,SC-6459-88488
Porto Santo,101,Wirth Mende GmbH & Co. KG,"05/26/2020, 00:00:00",APU-20,H,119,8176.60000,YH-2589-46518
Waltonport,102,Sousa,"11/09/2015, 00:00:00",APU-20, H ,116,9819.50000,RA-3181-66024
Jasminebury,103,Ribeiro,26 Oct 2016,APU-15,3,4,14603.60000,HC-9432-06371
Loulé,104,Branco S/A,2017-09-24,APU-12,normal,30,8573.90000,PC-6722-89024
Jenniferton,105,Ramos,19 May 2018,APU-12, 3 ,91,11155.70000,NU-5770-89332
Grevenbroich,106,Morais,"03/31/2022, 00:00:00",APU-20,N,40,27537.10000,OB-3000-90054
Devinview,107,Johnson PLC,2015-01-11,APU-15,light,38,23096.40000,MV-2159-36917
Tomar,108,Wagner,2019-03-29,APU-15,1,48,22442.60000,OA-9341-98890
Neu-Ulm,109,Schenk,2015/01/15,APU-15,H,91,9791.10000,CG-5814-34577
Jasminebury,110,Gaspar Ferreira S.A.,25 Jul 2023,APU-15, L ,25,10445.30000,RA-4927-64116
Sebnitz,111,Sousa,09 Mar 2018,APU-15,light,13,19392.70000,LW-7371-05486
Setúbal,112,Ramos,2019/03/07,APU-12,L,110,8967.80000,ZB-9904-06297
Saulgau,113,Ramos,2018-11-28,APU-12,1,101,7847.10000,SE-6036-39611
Fergusonport,114,Gaspar Ferreira S.A.,30 Dec 2023,APU-15,light,113,14982.40000,WD-4651-75981
Setúbal,115,Metz GmbH & Co. KGaA,"09/16/2017, 00:00:00",APU-20,1,28,10764.90000,IC-3798-50615
Bad Kissingen,116,Gomez-Anderson,2024/04/19,APU-15, med ,77,12089.60000,NP-3510-80820
Nicholsburgh,117,Morais,2017-09-28,APU-15,N,86,45000.00000,NL-4899-03313
Salazarville,118,"Barnes, Ross and Hurst",05 Jan 2020,XC-7,H,111,10457.60000,WF-3158-08920
Bad Kissingen,119,"Pierce, Fuller and Lester",05 Jan 2021,XC-7,N,76,7819.00000,CN-9251-76380
North Roberttown,120,Ramos,26 Sep 2024,XC-7,L,25,7942.80000,DF-0724-12255
Aachen,121,Wähner,2019-10-29,XC-7,med,44,37159.90000,UH-1423-91083
Peso da Régua,122,Smith-Scott,2018/04/11,XC-7,L,39,6452.00000,QP-3593-02951
New Shane,123,Lima,2018/01/02,APU-15,normal,47,18556.50000,FL-3629-71941
North David,124,Mendes e Filhos,12 Nov 2022,XC-7,light,23,12803.60000,OZ-7296-36721
Waltonport,125,Riehl Zahn GmbH & Co. OHG,"12/17/2017, 00:00:00",XC-7,H,103,21468.90000,AR-3386-18857
Vila Nova de Santo André,126,Mendes e Filhos,13 Feb 2021,APU-12,L,33,19627.00000,GO-9317-26900
Bad Kissingen,127,Mendes e Filhos,10 Jan 2021,XC-7,H,111,7969.40000,YW-1012-28978
Waltonport,128,Lozano-Nguyen,18 Nov 2018,APU-12,med,74,19245.70000,AZ-3107-04579
Freising,129,Johnson-Sanchez,22 Jan 2022,XC-7,L,29,32861.80000,AS-6526-50881
North Kimberly,130,Möchlichen,13 Nov 2021,XC-7,L,31,5248.20000,KT-0626-75910
Ribeira Grande,131,Leal S/A,"08/03/2019, 00:00:00",APU-12,light,6,11946.90000,CD-0290-29396
Mccormickborough,132,Ortiz Inc,"12/18/2017, 00:00:00",XC-7,light,2,6551.40000,VZ-8828-21324
Miranda do Douro,133,Cameron-Smith,06 Jun 2019,APU-20,L,2,6196.20000,HV-7105-31723
Loulé,134,Wagenknecht,2015-05-07,APU-15,N,63,3835.40000,BT-7452-33605
East Candace,135,Johann GmbH,2024/03/05,APU-12,L,29,9719.10000,WI-5874-92302
Hofgeismar,136,Ramos,"03/09/2020, 00:00:00",APU-20,L,15,25115.30000,GQ-2891-26420
Odivelas,137,Eigenwillig AG,"10/31/2020, 00:00:00",XC-7,L,41,9166.10000,JC-4245-57313
Waltonport,138,Johnson-Sanchez,"05/22/2022, 00:00:00",APU-20,med,78,18135.70000,TY-5710-26415
Winterston,139,Cameron-Smith,"06/20/2024, 00:00:00",APU-15,H,61,10128.30000,DS-6061-78837
Mccormickborough,140,Eigenwillig AG,2023/12/26,APU-20,H,34,7147.90000,OB-1787-66764
Porto Santo,141,Karz KG,2018-07-29,XC-7,H,90,10082.80000,AZ-6433-95047
Artern,142,Ortiz Inc,2015-04-09,APU-15,heavy,86,3904.40000,RT-7236-46693
Porto Santo,143,Mendes e Filhos,2016/08/12,APU-20,light,14,12151.90000,CP-1096-85658
Port Kevin,144,Lozano-Nguyen,2023/11/18,APU-20,1,13,8803.10000,WV-5051-95580
Odivelas,145,Johnson PLC,2017/06/26,APU-12,med,52,12101.20000,KA-1096-31952
Neu-Ulm,146,Cameron-Smith,"11/07/2018, 00:00:00",APU-15,heavy,80,14447.10000,ZZ-8154-17617
Lake Loriberg,147,Ramos,2019-04-04,XC-7,3,111,2721.30000,CL-0739-96782
Nicholsburgh,148,Branco S/A,2017-04-17,APU-15,med,59,4651.80000,GC-8174-12049
Vila Nova de Santo André,149,Johnson-Sanchez,20 Jul 2023,APU-15,H,112,11121.80000,ZZ-1882-43245
Lippstadt,150,Johann GmbH,2020-01-05,APU-20,normal,74,17924.00000,CI-9266-03681
Vila Nova de Santo André,151,Phillips PLC,"10/22/2024, 00:00:00",APU-12,1,31,19200.80000,SI-7142-61299
Winterston,152,Mendes e Filhos,"06/23/2017, 00:00:00",XC-7,light,9,6018.20000,HX-5295-27008
Kellychester,153,Gude GmbH,16 Jan 2021,APU-15,L,13,13370.60000,OL-2183-63929
Waltonport,154,Lima,2023/08/21,XC-7,light,21,7203.90000,VK-3823-38706
Nicholsburgh,155,Wiek GmbH & Co. KG,2021/11/17,XC-7,1,65,15193.90000,SS-2209-74702
Artern,156,Ribeiro,"02/16/2021, 00:00:00",APU-15,1,24,8669.90000,LB-1335-22939
Hofgeismar,157,Gomez-Anderson,2024/04/14,APU-20,L,33,4316.30000,ZN-6446-64211
New Shane,158,Metz GmbH & Co. KGaA,2019-03-22,APU-20,light,33,18418.00000,TF-5331-20092
Porto Santo,159,Johnson PLC,2015/12/23,APU-15,1,7,10567.50000,WJ-8857-46285
Aachen,160,"Barnes, Ross and Hurst",2018-10-04,APU-12,1,69,20347.90000,WU-7495-78259
Loulé,161,Melo,2020-03-02,APU-12,heavy,110,8126.30000,PV-0614-66708
West Lisa,162,Schenk,2018/05/08,APU-20, light ,25,12206.60000,ED-3451-20868
Lake Loriberg,163,Jähn,21 Aug 2023,XC-7,N,58,7760.80000,FF-1556-33527
East Candace,164,Wirth Mende GmbH & Co. KG,2017/10/20,APU-20,heavy,92,10174.30000,QK-5487-38394
Fergusonport,165,Karz KG,"11/15/2021, 00:00:00",APU-20,L,38,21477.50000,DK-4027-71743
Kellychester,166,Henriques S/A,02 Oct 2017,APU-15,L,9,13042.70000,PQ-4061-65001
Porto Santo,167,Smith-Scott,"10/27/2015, 00:00:00",APU-12,med,62,9688.70000,DD-8380-21490
Burg,168,Melo,2023-03-18,APU-20,L,34,7349.00000,AJ-4662-07890
Thomasland,169,Phillips PLC,"08/01/2015, 00:00:00",APU-15,light,38,17752.20000,OK-4305-95537
Cartaxo,170,Branco S/A,03 Jun 2017,APU-15,light,29,14173.20000,EB-1855-52256
Winterston,171,Smith-Scott,03 Aug 2019,XC-7,3,42,,PP-8460-81327
Ludwigslust,172,Melo,07 Feb 2022,XC-7,normal,44,11234.80000,KF-4378-01949
Hofgeismar,173,Sousa,2021/08/11,APU-15,1,30,5913.80000,IC-9243-96487
North Maria,174,Olson-Wyatt,2021-02-15,APU-20,normal,53,23065.60000,XS-3977-54766
Jenniferton,175,"Barnes, Ross and Hurst","03/20/2020, 00:00:00",APU-12,2,77,25404.00000,ZP-2785-80054
Adamstad,176,Leal S/A,"01/16/2022, 00:00:00",APU-12,med,39,13350.70000,PK-9586-62957
Kellychester,177,Jähn,16 Jun 2020,XC-7,1,69,17872.90000,JV-9777-64890
Dianastad,178,Branco S/A,"02/18/2016, 00:00:00",APU-12,H,95,7549.00000,UA-4860-54087
Freising,179,Antunes,2018-11-07,APU-20,heavy,92,,FV-5272-67756
Burg,180,Lozano-Nguyen,2024-05-14,APU-20,1,22,35288.00000,XW-1792-63407
West Lisa,181,Silva,28 May 2019,APU-20,heavy,95,13469.90000,CT-7966-54748
Saulgau,182,Morais,"09/05/2023, 00:00:00",APU-12,H,119,4621.20000,TO-2859-12092
Lippstadt,183,Wirth Mende GmbH & Co. KG,2023/09/02,APU-20,heavy,105,16472.50000,PU-7045-22759
South Melissaside,184,Sousa,09 Aug 2022,APU-15,N,69,17022.00000,MF-6279-05638
Thomasland,185,Olson-Wyatt,"10/17/2015, 00:00:00",APU-12,3,111,7904.50000,VD-5024-26070
Cartaxo,186,Wagenknecht,2023/02/05,APU-20,1,21,3662.40000,LV-9966-88654
Angra do Heroísmo,187,Lozano-Nguyen,2021/03/13,XC-7,normal,42,24926.80000,XV-8209-32522
Sebnitz,188,Duncan-Brown,2018-12-15,APU-12,normal,99,4352.60000,EQ-0587-45156
Burg,189,Ramos,03 May 2020,XC-7,normal,66,14858.70000,MA-3626-43751
Vila Nova de Foz Côa,190,Silva,01 Jul 2021,APU-12,1,22,10128.60000,DJ-0942-82793
Neu-Ulm,191,Metz GmbH & Co. KGaA,2015-04-15,APU-20,heavy,51,12157.20000,ES-0966-05557
New Shane,192,Olson-Wyatt,2023-05-27,APU-12,2,45,7781.80000,AO-6720-36041
Miranda do Douro,193,Ribeiro,2018/04/05,XC-7,H,93,2566.00000,BM-3574-29153
Bad Kissingen,194,Gaspar Ferreira S.A.,"02/13/2023, 00:00:00",APU-15,med,119,19976.30000,BW-9626-13047
Hofgeismar,195,Mendes e Filhos,15 May 2022,APU-20,med,21,10087.40000,VT-2247-81653
Fergusonport,196,Melo,"10/18/2020, 00:00:00",XC-7,1,18,,AD-1336-90974
Goslar,197,Johnson PLC,2022/08/10,APU-12,1,10,15141.60000,LJ-5139-15833
Loulé,198,Jähn,"09/11/2017, 00:00:00",APU-20,H,110,22424.80000,BS-5624-96735
Jenniferton,199,Gaspar Ferreira S.A.,2022/05/22,XC-7,heavy,94,6102.20000,EA-8357-84396
North Roberttown,200,Wähner,2021-04-20,APU-20,2,67,12876.90000,KY-0905-47916
Port Kevin,201,Gude GmbH,2016/03/10,APU-15,light,58,11466.00000,TW-6381-02175
Miltenberg,202,Wirth Mende GmbH & Co. KG,2023/01/13,APU-15, L ,2,5631.80000,JO-3517-09589
Aachen,203,Ribeiro,2023/12/05,APU-12,heavy,83,10128.30000,VA-3689-44925
Lisastad,204,Olson-Wyatt,2022-12-17,APU-12,N,45,9000.50000,CT-5545-26884
Mirandela,205,Duncan-Brown,13 Mar 2020,APU-12, L ,38,20667.30000,JY-3257-30321
Vila Nova de Santo André,206,Möchlichen,2015/12/12,APU-12,3,80,39163.00000,DO-8784-46685
Saulgau,207,Henriques S/A,2023/06/24,XC-7,heavy,97,11225.40000,LU-5866-17359
Thomasland,208,Jähn,"04/11/2024, 00:00:00",APU-15,L,26,6250.60000,TD-3193-14297
Lake Loriberg,209,Lima,13 Jan 2023,APU-12,normal,75,10018.60000,CT-3756-25889
South Melissaside,210,Wagner,2017-01-24,APU-15,H,111,7055.80000,PQ-1837-65036
Hofgeismar,211,Wagner,2019-11-25,APU-15,3,10,8442.90000,PJ-4033-40722
Vila Nova de Santo André,212,Eigenwillig AG,03 Aug 2019,APU-12,heavy,107,9190.40000,AT-2247-04332
Wittstock,213,Phillips PLC,05 Apr 2018,APU-20,L,33,7668.60000,CB-2100-84327
Nicholsburgh,214,Phillips PLC,06 Mar 2020,APU-15,med,65,9462.00000,RU-5380-98694
Neu-Ulm,215,Phillips PLC,25 Oct 2022,APU-12,3,80,7528.70000,JY-0257-48420
Hofgeismar,216,Ramos,2021/11/18,APU-20,light,22,13138.50000,YE-0674-29837
Kellychester,217,Wagner,2017/07/07,APU-12,heavy,15,,ZX-5296-19294
East Candace,218,Ribeiro,2021/02/21,APU-20,L,19,5164.80000,QT-9832-05845
New Shane,219,Henriques S/A,2022/07/13,APU-12,med,65,5880.90000,AH-1437-97501
Grevenbroich,220,Lozano-Nguyen,20 Nov 2016,XC-7,N,68,4012.60000,PE-5667-53998
Wittstock,221,Duncan-Brown,2024-07-22,APU-12,2,43,9251.90000,SN-4616-83230
Gouveia,222,"Barnes, Ross and Hurst",2021-07-30,APU-15,3,113,2835.70000,IU-3197-51826
Mccormickborough,223,Ramos,29 Aug 2024,XC-7,normal,78,12119.60000,LN-1237-99441
North David,224,Schenk,2020/02/24,APU-20,H,92,14348.30000,ZL-4013-44829
Gouveia,225,Wähner,2015/09/21,APU-20,light,79,41201.50000,KA-0923-13519
Porto Santo,226,Wähner,2018/05/01,APU-20,light,1,4602.90000,VU-2511-40809
Santarém,227,Lima,2021-11-11,APU-15,light,0,15568.80000,JK-6069-55321
Kellychester,228,Wiek GmbH & Co. KG,"03/14/2023, 00:00:00",APU-20,L,4,24454.10000,YO-5338-15543
Genthin,229,Henriques S/A,19 Jul 2019,APU-12,3,104,20304.50000,IJ-3659-27812
Miltenberg,230,Mendes e Filhos,2024-10-16,APU-12,light,27,19252.90000,UV-7158-11398
Mccormickborough,231,Gomez-Anderson,2016/03/02,APU-12,N,76,27453.90000,UJ-8144-19495
Lake Kevin,232,Wagenknecht,"02/28/2016, 00:00:00",XC-7,2,68,4793.60000,NR-9035-59840
Freising,233,Sousa,"07/09/2021, 00:00:00",APU-15,1,111,33006.50000,VW-4722-62346
Miltenberg,234,Morais,2019-08-16,APU-15,H,56,11690.60000,LQ-1196-84682
Grevenbroich,235,Smith-Scott,"07/23/2017, 00:00:00",APU-20, L ,12,45000.00000,HK-2413-64214
Jenniferton,236,Cameron-Smith,12 May 2021,APU-15,L,73,8709.60000,FV-8243-57521
Ribeira Grande,237,Ribeiro,10 Jun 2018,APU-12,1,11,15324.70000,HG-8419-16077
Miranda do Douro,238,Silva,2020/11/03,APU-15,med,21,13192.90000,GF-9147-57923
East Zachary,239,Silva,"12/04/2015, 00:00:00",XC-7,N,37,13091.30000,ZH-9769-76608
Adamstad,240,Phillips PLC,2023-08-19,APU-15,N,102,16089.10000,AI-3435-28533
Miltenberg,241,Lima,"02/12/2022, 00:00:00",APU-12,light,15,8217.40000,KW-7408-14207
South Melissaside,242,Wähner,15 Jun 2016,APU-12,N,60,16328.20000,OD-1188-75328
Neu-Ulm,243,Ortiz Inc,"05/14/2024, 00:00:00",APU-12,H,83,17572.20000,QZ-6668-67112
Lake Kevin,244,Metz GmbH & Co. KGaA,10 Feb 2022,APU-20,L,10,6509.30000,SP-5284-88934
Lippstadt,245,Henriques S/A,12 Jul 2019,APU-15,H,81,27251.60000,ZK-6607-55526
Kellychester,246,Wähner,09 Jun 2019,XC-7,med,8,26211.90000,PE-7184-04046
Dianastad,247,"Barnes, Ross and Hurst",16 Jun 2019,APU-15,2,46,22203.80000,AU-0317-82965
Miltenberg,248,Jähn,"09/08/2024, 00:00:00",APU-12,2,45,13658.50000,PX-2365-06734
Odivelas,249,Gaspar Ferreira S.A.,2024/01/23,APU-20,1,1,19301.10000,DI-7271-50688
Saulgau,250,Johann GmbH,13 Mar 2017,APU-12,2,48,8068.10000,ZT-3224-61503
Gouveia,251,Johnson PLC,2022/07/25,APU-20,L,33,12774.60000,NQ-8487-93600
New Shane,252,Johann GmbH,2022-09-27,XC-7,1,21,,WR-7297-72083
Jasminebury,253,Wirth Mende GmbH & Co. KG,2019/04/12,APU-20,3,101,10551.40000,VY-9504-18351
Vila Nova de Santo André,254,Morais,15 Nov 2016,APU-15,3,109,11813.60000,AU-6720-85630
Neu-Ulm,255,Lima,"12/23/2024, 00:00:00",APU-15,L,35,8302.90000,PX-6879-32720
Peso da Régua,256,Henriques S/A,2017/12/31,XC-7,normal,53,5092.90000,XR-2053-59462
Miranda do Douro,257,Schenk,08 Aug 2022,APU-20, N ,75,5280.10000,KE-8703-08302
Cartaxo,258,Branco S/A,24 Jul 2021,APU-20, N ,104,9469.40000,GY-4681-30712
Gouveia,259,Sousa,"01/26/2015, 00:00:00",APU-20, normal ,43,7675.40000,QO-1940-42281
Waltonport,260,Gude GmbH,2024/04/08,APU-15,light,23,15486.80000,TV-8347-90817
Lippstadt,261,Sousa,"12/20/2023, 00:00:00",XC-7,normal,54,13463.20000,GK-4004-37407
East Zachary,262,Silva,"12/07/2023, 00:00:00",APU-15,light,8,23401.30000,BN-9927-95855
Miranda do Douro,263,Phillips PLC,29 Oct 2024,XC-7,light,9,30631.10000,GS-5119-55158
Jasminebury,264,Riehl Zahn GmbH & Co. OHG,2018/05/28,APU-12,med,69,13668.90000,OI-5720-40431
Burg,265,Morais,2017/02/15,APU-20,normal,50,14592.20000,AA-4402-81736
Nicholsburgh,266,Leal S/A,10 Jul 2023,APU-12, 3 ,102,10478.00000,KK-4056-59631
Mccormickborough,267,Jähn,03 Jun 2023,APU-15,H,100,7451.90000,TN-6379-58070
Kellychester,268,Silva,2016/03/06,APU-12,3,117,7415.10000,VP-9964-49465
Porto Santo,269,Wiek GmbH & Co. KG,2016-03-27,XC-7,1,14,8521.10000,WF-6629-06398
Miranda do Douro,270,Möchlichen,2018-10-25,APU-20, L ,5,7338.90000,CV-6620-91043
Winterston,271,Eigenwillig AG,28 Apr 2018,APU-20,N,88,,SE-7278-44639
Odivelas,272,Pinto,2018-04-28,APU-12,3,113,12046.00000,PH-2007-76623
Jenniferton,273,Branco S/A,2015/09/18,XC-7,light,8,14105.80000,PO-3073-18656
Artern,274,Henriques S/A,2020-02-14,APU-12,light,8,30432.80000,BL-8784-60867
Peso da Régua,275,Johnson PLC,06 Apr 2015,APU-15,2,62,12831.20000,BX-7771-49839
Port Kevin,276,Ribeiro,2024/09/10,APU-20,2,61,13052.30000,XP-1870-81890
North David,277,Mendes e Filhos,29 Apr 2024,APU-12,heavy,86,21893.30000,CB-0887-98150
Jenniferton,278,Leal S/A,"01/13/2018, 00:00:00",APU-12,1,10,3829.90000,VN-8511-52394
Porto Santo,279,Gomez-Anderson,2019-11-24,APU-12,3,88,,NX-8067-52580
Santarém,280,Antunes,2018-09-08,APU-15,light,35,22647.00000,MO-4060-88625
Jenniferton,281,Ortiz Inc,2020/11/09,APU-15,light,99,10082.10000,HY-8915-36856
Salazarville,282,"Barnes, Ross and Hurst","07/07/2024, 00:00:00",APU-15,med,45,,SD-1813-14900
Peso da Régua,283,Jähn,"12/28/2016, 00:00:00",XC-7,med,17,10250.50000,EK-9789-02541
Jasminebury,284,Schenk,2016/12/30,XC-7, N ,45,18458.50000,UV-7320-57738
Angra do Heroísmo,285,Lima,2019/11/19,XC-7,L,39,26321.80000,YH-6275-75641
Santo Tirso,286,Johnson PLC,"02/25/2016, 00:00:00",APU-12,med,50,16644.00000,DD-8504-63854
Jasminebury,287,Riehl Zahn GmbH & Co. OHG,13 Dec 2017,APU-15,med,65,14690.60000,DZ-3656-27845
Sebnitz,288,Wirth Mende GmbH & Co. KG,2021-01-08,APU-15,light,16,12757.00000,JI-5717-94404
Aachen,289,Metz GmbH & Co. KGaA,2017/12/18,APU-15,N,32,5573.90000,MH-2715-21360
Miranda do Douro,290,Gomez-Anderson,2020/07/24,APU-20,1,35,10690.30000,JT-0362-12832
North Kimberly,291,Wiek GmbH & Co. KG,"06/14/2017, 00:00:00",APU-20,1,12,9820.10000,UI-0203-78517
Aachen,292,Mendes e Filhos,2021/09/29,APU-15, 1 ,36,26306.10000,VE-4474-69908
Winterston,293,Morais,2018-01-17,APU-20,1,22,5628.60000,NN-4057-53781
Miranda do Douro,294,Pinto,2018/03/27,APU-15,2,52,10177.60000,MS-6586-97421
New Shane,295,Eigenwillig AG,29 Aug 2018,XC-7,3,83,7663.10000,YK-0241-52210
Odivelas,296,Sousa,26 Oct 2020,APU-15,med,85,7621.80000,LJ-0327-72409
North Maria,297,Melo,2022/04/13,APU-12,heavy,118,9643.50000,BD-2432-00600
Lisastad,298,Gomez-Anderson,2020/04/05,APU-15,normal,40,11928.20000,PC-0875-47608
Grevenbroich,299,Johnson-Sanchez,2018/12/17,APU-20,N,43,8418.60000,NE-0085-71830
Aachen,300,Schenk,2019-06-18,APU-20, L ,8,29790.10000,FA-0875-91498
North Maria,301,Johnson-Sanchez,2020/08/19,APU-15,2,53,13729.70000,XI-8458-86266
Freising,302,Wähner,2023-11-27,APU-12, 2 ,97,12425.90000,RH-0812-86325
Vila Nova de Santo André,303,Wiek GmbH & Co. KG,"01/03/2015, 00:00:00",XC-7,1,36,9303.40000,QO-6497-22730
Artern,304,Branco S/A,2018-07-07,APU-15,3,105,13858.00000,VC-1330-80612
Miltenberg,305,Antunes,2015-11-03,APU-20,3,96,,UL-8626-59465
Cartaxo,306,Sousa,27 Aug 2018,XC-7,1,54,6021.10000,YA-1456-73013
Aachen,307,Lima,2017/04/19,APU-20, 2 ,68,7547.50000,WJ-5925-55693
Ludwigslust,308,Gomez-Anderson,2022/05/05,APU-20,med,41,13446.60000,OZ-3156-21674
Devinview,309,Schenk,2015/03/12,APU-20,H,106,45000.00000,CK-2240-32928
Loulé,310,"Pierce, Fuller and Lester",2020-11-24,APU-20,2,51,44665.60000,NS-8168-42620
Dresden,311,Gaspar Ferreira S.A.,"03/13/2024, 00:00:00",APU-12,N,74,17367.20000,PE-5155-41940
Vila Nova de Foz Côa,312,Lima,20 Feb 2017,APU-12,2,45,2136.60000,CR-2017-20040
Cartaxo,313,Gude GmbH,"01/24/2017, 00:00:00",APU-12,light,3,9252.10000,QW-2969-83659
Goslar,314,Duncan-Brown,2018/10/20,XC-7, normal ,38,13412.40000,PP-4893-53322
New Shane,315,Branco S/A,2024-03-31,APU-15, L ,85,17392.30000,HE-9156-77207
Neu-Ulm,316,Möchlichen,"10/05/2020, 00:00:00",APU-20,heavy,76,4191.90000,IB-7467-09910
Fergusonport,317,Eigenwillig AG,"08/17/2016, 00:00:00",APU-20,normal,76,9296.50000,KH-5299-66274
Freising,318,Cameron-Smith,"07/25/2020, 00:00:00",APU-12, L ,15,7837.10000,NI-8150-19068
Aachen,319,Schenk,"05/28/2021, 00:00:00",APU-12,normal,69,12004.60000,TA-9647-12504
South Melissaside,320,Pinto,27 Jun 2022,XC-7,2,66,11245.30000,YB-4135-04163
Loulé,321,Lozano-Nguyen,09 Jan 2016,APU-15,L,9,45000.00000,BF-4609-23752
Lippstadt,322,Riehl Zahn GmbH & Co. OHG,"07/17/2022, 00:00:00",XC-7,H,113,19740.90000,SH-0668-88527
Winterston,323,Jähn,2016-06-24,APU-12,L,6,9461.80000,KM-4433-15116
Ludwigslust,324,Silva,29 Jun 2021,APU-12,H,104,35287.40000,TL-8498-87021
Goslar,325,Silva,12 Dec 2017,APU-12,N,65,27142.70000,FY-4466-38951
Vila Nova de Santo André,326,Gomez-Anderson,21 Apr 2017,APU-12,N,57,8143.00000,RK-9131-99064
Sebnitz,327,Smith-Scott,"07/15/2024, 00:00:00",XC-7,2,77,17191.80000,QP-9386-55072
Thomasland,328,Metz GmbH & Co. KGaA,2015/09/07,APU-20,heavy,56,12723.20000,BP-7729-80596
East Zachary,329,Johnson-Sanchez,17 Apr 2015,APU-15,N,68,14017.90000,ME-4665-30370
South Amyport,330,Olson-Wyatt,23 Jul 2016,APU-20, H ,115,17142.80000,DS-0219-56223
Porto Santo,331,Möchlichen,2015/08/31,XC-7,med,42,29857.50000,DJ-5307-53871
Loulé,332,Branco S/A,2017/03/04,APU-15,heavy,86,7188.30000,VG-4174-33169
Santarém,333,Melo,2018/12/14,APU-20,L,33,,XN-3396-43477
Lake Loriberg,334,Gomez-Anderson,2019-03-26,APU-20,3,103,9309.30000,VV-5941-89262
North David,335,Johnson PLC,"08/29/2018, 00:00:00",APU-20,N,69,13688.50000,YM-9110-00141
Neu-Ulm,336,Sousa,"02/20/2016, 00:00:00",APU-20,L,39,5775.10000,TZ-1546-41685
Thomasland,337,Johnson PLC,2020/12/17,APU-20,heavy,95,10948.30000,KW-7721-44010
North David,338,Wagner,2024-12-21,APU-15,1,70,5995.60000,BX-6078-30642
Angra do Heroísmo,339,Gude GmbH,2023-02-16,APU-20,light,0,8625.80000,BH-1559-32525
Port Kevin,340,Duncan-Brown,2018-11-28,APU-20,2,68,5307.30000,NN-7601-02051
East Zachary,341,Sousa,2017-08-06,APU-15,N,77,10109.00000,CO-2874-68545
Mccormickborough,342,Gaspar Ferreira S.A.,05 Dec 2020,APU-15, heavy ,42,6427.90000,JP-4793-38588
Aachen,343,Leal S/A,2024/02/06,APU-12,1,9,23407.30000,ZQ-3175-82730
Goslar,344,"Pierce, Fuller and Lester","06/01/2022, 00:00:00",APU-15,light,95,14248.10000,VK-8791-89256
Saulgau,345,"Barnes, Ross and Hurst",15 Aug 2015,APU-20,light,30,13299.60000,NH-0396-67375
Hofgeismar,346,Jähn,2018/08/16,XC-7, normal ,72,2868.70000,IT-2049-53676
Fergusonport,347,Eigenwillig AG,2015-01-14,XC-7,2,72,14628.00000,EP-5261-54306
Burg,348,Wagner,2019-10-26,APU-15,light,25,8646.10000,HF-2265-45171
Burg,349,Lima,2020-06-01,XC-7,heavy,95,34175.90000,EJ-8644-14303
Mirandela,350,Duncan-Brown,"11/13/2017, 00:00:00",APU-12,N,52,6721.10000,VX-5380-52972
Hofgeismar,351,Morais,2022-05-18,APU-20,1,26,7900.70000,TZ-3304-06570
Jenniferton,352,Jähn,2024/04/26,APU-20,light,3,10406.40000,TZ-4782-87596
Vila Nova de Foz Côa,353,Lima,2024-03-24,APU-12,med,44,5921.40000,TW-8218-11615
Hofgeismar,354,Cameron-Smith,2023-08-03,APU-20,3,115,11971.00000,SW-7124-16070
North Roberttown,355,Wiek GmbH & Co. KG,"06/02/2017, 00:00:00",APU-20,N,50,6650.30000,ML-9404-12294
Cartaxo,356,Cameron-Smith,"06/04/2016, 00:00:00",APU-12, 1 ,17,8612.50000,LI-0579-20256
Burg,357,Branco S/A,2023/05/05,APU-12,1,31,33728.80000,MQ-8989-18518
Cartaxo,358,Pinto,05 Apr 2023,APU-12,L,36,8301.00000,YV-9623-49734
Dresden,359,Wirth Mende GmbH & Co. KG,2017-11-23,APU-12,2,47,36003.10000,PP-3131-14724
Porto Santo,360,Branco S/A,30 Jun 2018,XC-7,light,110,2636.30000,CA-1172-65632
Waltonport,361,Pinto,2024/05/20,APU-20,med,52,3933.70000,BC-2947-95227
South Amyport,362,Melo,2021/04/29,APU-12,N,45,6758.90000,JM-8113-52898
Vila Nova de Foz Côa,363,Wagner,"09/25/2016, 00:00:00",APU-20,L,82,20132.70000,BN-5597-60206
Saulgau,364,Antunes,2020-05-04,APU-15,normal,72,19357.20000,PP-0227-43484
Porto Santo,365,Leal S/A,2019-04-18,APU-15,light,26,3593.50000,IK-0499-32808
Loulé,366,Lima,"12/10/2021, 00:00:00",APU-20, med ,47,,IH-5980-21431
Santo Tirso,367,Melo,"01/20/2022, 00:00:00",APU-15,1,34,6503.00000,UX-8593-54382
Burg,368,Gomez-Anderson,08 Sep 2016,APU-20,L,24,17382.40000,PE-4952-10446
Lake Loriberg,369,Gude GmbH,14 Jan 2022,APU-12,L,25,9595.00000,SQ-7030-29929
West Lisa,370,Ramos,"05/19/2024, 00:00:00",XC-7,normal,119,22474.70000,WX-0231-11946
Hofgeismar,371,Gomez-Anderson,09 Oct 2021,APU-20,1,36,7621.60000,MO-1398-78423
Ludwigslust,372,Gaspar Ferreira S.A.,2021/07/12,APU-20,light,30,11856.60000,HQ-2898-39585
Miranda do Douro,373,Gomez-Anderson,2022-02-11,APU-15,2,54,10301.70000,HE-4794-05704
Goslar,374,Sousa,2017/12/06,APU-12,L,5,17402.90000,IG-4678-80415
Winterston,375,Wagenknecht,2023-06-06,APU-20,H,42,13870.90000,AL-0346-03699
Bad Kissingen,376,Lozano-Nguyen,2021-05-29,XC-7,med,79,12253.40000,AX-5301-99440
Lisastad,377,Eigenwillig AG,2017/04/16,APU-15,1,23,26901.20000,CZ-4374-00570
Salazarville,378,Wähner,03 Jan 2021,XC-7,N,47,6362.50000,EV-0189-04238
Nicholsburgh,379,Johnson PLC,2016-12-21,APU-20,light,26,28465.50000,TL-0301-66719
Goslar,380,Ribeiro,2019-06-11,APU-12,med,63,6498.50000,UV-0235-63578
Port Kevin,381,Riehl Zahn GmbH & Co. OHG,2022-11-24,APU-15,1,25,24758.10000,BR-2526-24614
Fergusonport,382,Ramos,"01/09/2018, 00:00:00",APU-20,1,19,21543.10000,DK-0675-32338
Vila Nova de Santo André,383,Ribeiro,30 Jun 2020,APU-15,med,74,10360.60000,QG-7083-80995
Gouveia,384,Schenk,2024-07-06,XC-7,3,81,13583.80000,RG-0908-26956
East Zachary,385,Ribeiro,"01/27/2016, 00:00:00",APU-20,med,68,45000.00000,ZI-4260-63863
North Maria,386,Johnson-Sanchez,2021-07-12,APU-20,2,5,15422.10000,CM-4666-21011
Wittstock,387,Henriques S/A,2024-10-13,XC-7,light,62,7988.90000,JP-5066-36916
Lisastad,388,Gude GmbH,12 Dec 2021,APU-12,1,8,20168.70000,TS-2599-67531
North Roberttown,389,Riehl Zahn GmbH & Co. OHG,"09/11/2020, 00:00:00",APU-20,2,45,12293.60000,MH-3571-90000
Lake Kevin,390,Cameron-Smith,22 Apr 2016,APU-20,normal,2,23344.00000,NW-4540-44411
North Kimberly,391,Wähner,"07/29/2021, 00:00:00",APU-12,light,47,3781.80000,NC-3628-14885
Cartaxo,392,Karz KG,2015/09/03,APU-15,heavy,97,25319.10000,RU-2453-41616
Sebnitz,393,Leal S/A,2015/11/10,APU-15,med,77,4056.50000,AP-2713-36474
West Lisa,394,Wagenknecht,"10/30/2019, 00:00:00",APU-12,L,2,12682.00000,KW-2547-53155
East Candace,395,Johann GmbH,"04/15/2024, 00:00:00",APU-12,1,12,25461.20000,SM-7177-01727
Saulgau,396,Gude GmbH,2021/03/12,APU-15, heavy ,88,12689.90000,RU-4781-11609
Salazarville,397,"Barnes, Ross and Hurst","02/17/2017, 00:00:00",APU-20,1,32,16039.00000,WF-8887-80746
Artern,398,Cameron-Smith,2021-12-13,APU-15,heavy,119,23605.20000,CO-4330-76187
Jenniferton,399,Duncan-Brown,"01/23/2021, 00:00:00",APU-12,1,25,14430.70000,IL-1369-82476
Saulgau,400,Wagenknecht,"07/28/2017, 00:00:00",APU-15,H,102,45000.00000,PK-1072-49424
Bad Kissingen,401,Johann GmbH,"07/18/2023, 00:00:00",APU-12,H,95,18616.10000,DN-1412-64349
Bad Kissingen,402,Antunes,"01/29/2017, 00:00:00",APU-12,2,78,37600.30000,NN-6476-97532
Port Kevin,403,Gomez-Anderson,2018-04-01,APU-12,normal,58,13568.10000,WX-7470-58444
Ribeira Grande,404,Duncan-Brown,2016/12/26,APU-12,med,61,,RX-5675-83928
Lisastad,405,Ribeiro,2016-05-20,APU-15,H,95,14540.50000,WP-3537-09056
Dianastad,406,Wirth Mende GmbH & Co. KG,2019-12-09,APU-20, H ,96,9238.10000,UR-8991-82694
Miranda do Douro,407,Riehl Zahn GmbH & Co. OHG,2017/05/15,APU-12,1,11,11745.60000,VX-2981-85953
Tomar,408,Johnson-Sanchez,2023-09-20,APU-20,3,115,10695.00000,CP-4981-02661
East Candace,409,Phillips PLC,2019/11/24,XC-7,1,38,7599.40000,VF-0156-91021
Winterston,410,Lima,"02/02/2020, 00:00:00",APU-12,H,80,11502.80000,LK-7044-00106
Lake Loriberg,411,Silva,2017-02-22,APU-15,light,24,5259.70000,FU-9786-88921
South Melissaside,412,Wiek GmbH & Co. KG,11 Jun 2022,XC-7,H,8,18808.00000,TY-7867-56414
Grevenbroich,413,Johann GmbH,2018-10-29,APU-20,L,0,11864.10000,BD-4411-56354
Devinview,414,Gude GmbH,11 Mar 2022,APU-15,normal,69,,CD-1462-94559
Goslar,415,Cameron-Smith,12 Jul 2019,APU-15,L,35,30386.80000,GN-9205-36306
Burg,416,Sousa,"01/14/2017, 00:00:00",APU-15,1,71,8443.00000,HH-9907-41134
Vila Nova de Santo André,417,Schenk,22 Feb 2024,APU-12,2,66,10782.60000,KF-0757-52549
Saulgau,418,Johnson PLC,2017-04-14,APU-12,2,46,15442.30000,GM-4398-36274
West Lisa,419,Ramos,2023/09/07,XC-7, 1 ,30,11130.60000,PJ-1652-28995
East Candace,420,"Barnes, Ross and Hurst",2016/05/16,XC-7,L,28,6547.40000,YJ-3579-17185
Angra do Heroísmo,421,Henriques S/A,2017/10/25,APU-20, N ,63,,RM-6474-23153
Ribeira Grande,422,Johnson-Sanchez,2017-06-28,XC-7,light,33,4667.60000,GZ-8078-81811
Angra do Heroísmo,423,Wagenknecht,2018/12/10,XC-7,med,119,14056.40000,UO-5793-27344
Nicholsburgh,424,Sousa,2021/08/02,APU-12,L,14,27463.60000,IA-5380-66731
Lisastad,425,Smith-Scott,2015/04/18,XC-7,H,97,12746.30000,SE-7806-08664
Ludwigslust,426,Olson-Wyatt,15 Sep 2020,APU-15,med,46,9235.70000,ZW-6321-87339
Miltenberg,427,Schenk,"04/11/2024, 00:00:00",XC-7,2,72,3530.60000,NN-7018-27715
Thomasland,428,Lozano-Nguyen,12 Dec 2015,APU-12, light ,114,14316.70000,NI-5330-10703
North Roberttown,429,Gaspar Ferreira S.A.,23 Jan 2023,APU-12,2,65,10928.90000,PI-5948-75134
Lippstadt,430,Wagenknecht,2015-10-30,APU-20,heavy,83,6673.10000,MT-9186-38854
North Maria,431,Antunes,04 May 2019,XC-7,L,22,17512.50000,FA-3787-70427
Lake Loriberg,432,Karz KG,2016/05/26,APU-20,med,62,17543.70000,KR-6700-49675
Hofgeismar,433,Karz KG,"08/14/2016, 00:00:00",APU-20, L ,15,9723.50000,PA-8968-58726
East Zachary,434,Jähn,"10/28/2017, 00:00:00",APU-15,H,67,10744.00000,MU-7758-86019
North David,435,Pinto,2022-11-20,APU-15,med,63,15935.70000,LH-4472-85937
New Shane,436,Metz GmbH & Co. KGaA,2015/02/24,APU-20,normal,54,15293.10000,ST-3138-63938
Winterston,437,Wiek GmbH & Co. KG,2024/02/02,XC-7,3,118,7580.50000,UN-6733-68051
Fergusonport,438,Johnson PLC,"02/09/2021, 00:00:00",APU-20, light ,34,,UU-4045-14096
Jasminebury,439,Silva,26 Oct 2017,APU-15,N,13,19596.00000,KG-1614-72709
East Candace,440,Branco S/A,2020-12-20,APU-15,light,18,26716.20000,SC-1750-89915
Jenniferton,441,Mendes e Filhos,03 Jan 2016,XC-7, N ,48,17361.60000,FZ-5605-24378
Hofgeismar,442,Wagner,"08/03/2019, 00:00:00",APU-20,light,33,12989.00000,DL-4770-85052
Ribeira Grande,443,Phillips PLC,2021-10-29,APU-20,heavy,105,18149.30000,XW-3701-24602
North Roberttown,444,Gomez-Anderson,2022-03-10,APU-15,light,4,7792.10000,HQ-1993-82750
Waltonport,445,Riehl Zahn GmbH & Co. OHG,2023/09/05,APU-12,L,13,3857.90000,UG-3937-20734
Lake Kevin,446,Eigenwillig AG,25 Feb 2024,APU-12,med,77,2524.70000,OZ-7083-86817
Thomasland,447,Antunes,2021-10-19,APU-12,1,19,11621.80000,VQ-2181-58464
Fergusonport,448,Antunes,2023-03-30,APU-20,normal,76,7438.60000,ZF-3546-21848
Thomasland,449,Leal S/A,2015/08/06,XC-7,1,5,13793.00000,BD-3399-63683
Cartaxo,450,Möchlichen,23 Sep 2024,XC-7,light,46,13149.40000,VG-8886-90394
North Maria,451,Eigenwillig AG,2018-03-16,APU-20,2,79,6314.50000,QV-3579-89796
Aachen,452,Leal S/A,"03/13/2018, 00:00:00",APU-12,light,71,19219.20000,PH-7908-66688
Saulgau,453,Schenk,2022-06-11,APU-15,1,18,20270.90000,QQ-4525-00179
Bad Kissingen,454,Leal S/A,"07/04/2016, 00:00:00",XC-7,normal,56,,MH-2182-42112
New Shane,455,Lima,2018-04-03,APU-12,L,92,13893.90000,DN-4802-38605
West Lisa,456,Lozano-Nguyen,"12/22/2024, 00:00:00",APU-15,2,40,7480.40000,MX-0493-10336
Burg,457,Phillips PLC,2018/05/10,APU-12,light,100,7262.50000,HH-3036-70607
Aachen,458,"Pierce, Fuller and Lester",30 Nov 2020,XC-7,normal,11,20067.20000,QB-9929-80053
Kellychester,459,Silva,25 Dec 2024,APU-12,2,71,5617.60000,SN-3783-33157
Winterston,460,Morais,2019-06-12,APU-20,1,5,18675.30000,PO-4707-40085
Miltenberg,461,Cameron-Smith,23 Jun 2019,APU-20,heavy,96,9155.30000,DU-2926-18875
Miltenberg,462,Phillips PLC,2016-04-07,APU-20,H,81,16292.10000,ZM-8102-92770
Neu-Ulm,463,Phillips PLC,2015-07-22,XC-7,1,14,6996.30000,JY-6220-84060
Angra do Heroísmo,464,Lozano-Nguyen,2022/09/13,APU-20,light,112,9408.90000,NY-3679-38914
Odivelas,465,Smith-Scott,"06/16/2024, 00:00:00",APU-12,H,100,28010.90000,YG-8967-79060
Adamstad,466,Lima,2022/08/26,APU-15, 2 ,76,43145.80000,ML-2211-79831
Goslar,467,Ramos,2018/06/11,XC-7,heavy,109,10827.00000,NZ-1689-53498
Dresden,468,Duncan-Brown,2015/12/14,APU-12,2,51,16482.20000,SQ-2082-44215
Cartaxo,469,Ribeiro,"07/18/2023, 00:00:00",APU-15,1,30,3256.60000,OY-4293-63584
Dresden,470,Leal S/A,"09/20/2019, 00:00:00",APU-20,heavy,101,20247.00000,IZ-3016-33145
Genthin,471,Morais,"07/26/2020, 00:00:00",APU-20,2,79,15970.40000,HW-6563-48253
Hofgeismar,472,Melo,2021/04/13,APU-15,L,16,4375.80000,DT-7041-23189
Bad Kissingen,473,Metz GmbH & Co. KGaA,2024-10-24,XC-7,light,49,16988.50000,GP-5744-55936
Fergusonport,474,Wirth Mende GmbH & Co. KG,2015/03/12,XC-7,light,12,9987.10000,KT-5996-82875
Miltenberg,475,Smith-Scott,13 Nov 2021,APU-15,normal,56,5982.20000,KF-7446-10222
Fergusonport,476,Ramos,"03/19/2019, 00:00:00",APU-20,light,13,7201.80000,BB-0342-52982
Miranda do Douro,477,Wagner,2016/11/25,APU-15, L ,29,27006.50000,SS-9987-95723
Goslar,478,Wagenknecht,26 Aug 2022,APU-20,normal,64,11092.10000,HK-0614-60319
Fergusonport,479,Jähn,05 May 2015,APU-20,1,6,22899.20000,OY-4112-33409
Freising,480,Cameron-Smith,"02/03/2019, 00:00:00",APU-20,L,84,15895.50000,SN-0079-40910
North Kimberly,481,Riehl Zahn GmbH & Co. OHG,2019-09-29,XC-7,H,107,23435.30000,AH-7137-26386
Burg,482,"Pierce, Fuller and Lester",10 Sep 2018,APU-15,med,77,19583.80000,NQ-9954-38173
Winterston,483,Wähner,"04/24/2019, 00:00:00",APU-20, 1 ,0,,ZW-5298-00602
Dianastad,484,Gaspar Ferreira S.A.,"08/12/2018, 00:00:00",XC-7,3,90,10288.10000,QT-6271-16336
Port Kevin,485,Jähn,13 Apr 2021,APU-15,normal,57,18969.60000,WP-5894-76209
Hofgeismar,486,Möchlichen,12 Apr 2024,XC-7,heavy,98,10879.40000,OI-0560-93888
Wittstock,487,Ramos,2020/01/24,APU-12,2,77,7840.00000,VD-2388-12100
Ludwigslust,488,"Pierce, Fuller and Lester",2024/01/05,APU-20,3,87,7822.90000,EK-7312-01269
Aachen,489,Gaspar Ferreira S.A.,23 Jun 2020,APU-20,normal,44,,BB-0244-06934
Freising,490,Metz GmbH & Co. KGaA,19 Sep 2018,APU-20,light,34,4262.20000,NN-8732-98098
Vila Nova de Santo André,491,Jähn,2019-05-04,APU-20,light,1,6743.90000,SB-2534-96051
Gouveia,492,Duncan-Brown,2017/10/02,XC-7,L,86,8255.10000,XD-2216-55489
Ribeira Grande,493,Karz KG,"08/10/2019, 00:00:00",APU-12,2,77,,EU-1357-53092
Goslar,494,Gaspar Ferreira S.A.,"01/15/2016, 00:00:00",APU-12,heavy,117,5249.60000,JM-4776-56385
Santarém,495,Smith-Scott,02 Nov 2022,APU-20,N,63,6025.00000,WC-4717-00192
Setúbal,496,Leal S/A,2023/05/22,XC-7,normal,71,13116.30000,QL-9150-36227
North Maria,497,Wirth Mende GmbH & Co. KG,31 Oct 2023,APU-12,normal,52,16914.90000,DV-3319-35351
Devinview,498,Silva,2020/05/12,APU-20,normal,61,7669.20000,XX-8153-26157
Jenniferton,499,Metz GmbH & Co. KGaA,2022/07/25,XC-7,L,4,11919.00000,JV-9615-69157
Dresden,500,Branco S/A,03 Jun 2022,APU-15,2,68,7711.90000,SS-2924-22086
South Amyport,501,Johann GmbH,2015/04/04,APU-12,3,110,5366.20000,BX-9207-69816
Sebnitz,502,Silva,2020-05-02,APU-12,2,59,11869.00000,WD-7732-57248
Adamstad,503,Karz KG,2017/09/08,APU-12,heavy,85,7811.90000,OX-9388-20301
Neu-Ulm,504,Pinto,"12/06/2024, 00:00:00",APU-15,H,89,19577.90000,TP-8664-89120
North Kimberly,505,Wagner,01 Jul 2017,APU-20,med,54,4784.30000,AG-7873-50258
Fergusonport,506,Gude GmbH,2016-08-03,APU-20,light,18,6053.90000,TD-3266-74590
Genthin,507,Morais,2022/04/05,APU-15, 3 ,104,,IE-5182-49803
Ribeira Grande,508,Möchlichen,"05/03/2021, 00:00:00",APU-20,light,38,,EG-0039-59185
Loulé,509,Schenk,03 Dec 2020,APU-20,3,98,9681.30000,CW-9805-96497
North David,510,Smith-Scott,2023/07/08,XC-7,heavy,81,9426.10000,EG-2876-70129
Setúbal,511,Gaspar Ferreira S.A.,2015/08/21,APU-20,H,110,10171.00000,BE-1248-37327
Nicholsburgh,512,Schenk,2023/10/20,APU-20,heavy,30,6655.40000,FA-9082-38968
Jasminebury,513,Melo,"01/16/2018, 00:00:00",XC-7,heavy,102,8741.40000,FC-2853-85494
Salazarville,514,Johnson PLC,"01/15/2019, 00:00:00",XC-7,1,7,8582.60000,PJ-6116-48875
South Melissaside,515,Henriques S/A,"08/29/2021, 00:00:00",XC-7,light,83,18786.80000,GF-1530-79952
Ribeira Grande,516,Smith-Scott,2023/05/31,XC-7,L,15,11584.60000,ZA-3633-28624
Jenniferton,517,Johnson-Sanchez,"02/26/2024, 00:00:00",XC-7,1,24,12583.40000,OD-5904-19617
Miranda do Douro,518,Lozano-Nguyen,2020/11/29,XC-7,light,6,4486.40000,YM-4821-30254
Thomasland,519,Wagner,09 May 2024,XC-7,normal,66,7351.20000,UG-5931-67746
South Amyport,520,"Pierce, Fuller and Lester",2017/04/12,APU-12,L,91,5637.60000,RD-6097-45931
Nicholsburgh,521,Branco S/A,2023/12/29,APU-15,normal,55,15602.90000,HT-4456-27396
Thomasland,522,Wagenknecht,2017-04-03,APU-12,1,19,18558.50000,JL-6851-62604
Ribeira Grande,523,Ortiz Inc,12 Apr 2015,APU-12,heavy,43,5673.10000,GE-4239-20126
Grevenbroich,524,Morais,2022/03/06,APU-15, 1 ,37,15215.50000,QW-9389-66884
Setúbal,525,Gomez-Anderson,2018/06/09,APU-12,heavy,55,12758.60000,LB-8773-04495
Aachen,526,Eigenwillig AG,2015-02-18,APU-12, N ,47,15926.50000,OW-8241-19123
Wittstock,527,Leal S/A,2018/06/10,APU-20,light,24,23001.40000,PA-1134-34377
Artern,528,Wirth Mende GmbH & Co. KG,09 Sep 2019,APU-20,3,115,2486.10000,BW-0693-99224
Winterston,529,Henriques S/A,"03/10/2018, 00:00:00",APU-12,1,38,8899.90000,WS-0714-65958
Goslar,530,Jähn,2023-06-04,APU-20,N,64,5843.60000,QX-7644-37729
Loulé,531,Leal S/A,03 Aug 2019,APU-12,med,46,16171.80000,FD-5412-57671
Miltenberg,532,Wähner,"04/21/2023, 00:00:00",APU-15,1,25,7032.80000,EL-1598-71793
Neu-Ulm,533,Wiek GmbH & Co. KG,2016/10/20,APU-12,1,15,16450.50000,TD-2281-75734
Sebnitz,534,Ortiz Inc,24 Jan 2016,APU-12,normal,84,,CU-1132-66932
Grevenbroich,535,Phillips PLC,04 Apr 2015,XC-7,H,96,,XC-2433-00928
Kellychester,536,Smith-Scott,25 Dec 2019,APU-20,L,26,18184.30000,YA-6375-89503
North Kimberly,537,Wagner,"02/26/2019, 00:00:00",APU-15,normal,77,10686.70000,NH-4853-25555
Odivelas,538,Wähner,2017/10/28,APU-20,light,11,25723.80000,GE-2227-06607
Tomar,539,Sousa,06 Jul 2024,APU-12,N,59,22461.10000,YZ-5309-10944
South Amyport,540,Möchlichen,2019-12-22,APU-12,normal,58,14115.20000,KV-5377-14569
Genthin,541,"Barnes, Ross and Hurst",29 Jun 2017,APU-20,light,98,20651.90000,DP-5584-53610
North Kimberly,542,Leal S/A,2015-01-12,APU-15,heavy,119,,AU-7974-26774
Saulgau,543,Schenk,16 Mar 2017,APU-15,med,67,5165.30000,HN-4357-68132
Port Kevin,544,"Pierce, Fuller and Lester",2020/12/10,APU-12,normal,63,4598.40000,UX-4561-86686
Dianastad,545,Gude GmbH,2017/12/01,APU-20,N,50,11349.00000,PR-0191-28730
Grevenbroich,546,Lima,04 Jan 2018,APU-20, 1 ,36,6550.30000,SN-9486-26775
Kellychester,547,Möchlichen,01 Jul 2021,APU-12,normal,68,10333.10000,EJ-9766-74933
Goslar,548,Leal S/A,19 Sep 2024,APU-15,light,103,20022.00000,NU-6027-36826
Fergusonport,549,Ortiz Inc,12 Mar 2022,APU-15,heavy,117,3500.50000,IU-5967-32937
North David,550,Johnson PLC,19 Jan 2016,XC-7,2,73,,AU-2645-48062
Genthin,551,Wirth Mende GmbH & Co. KG,"04/29/2016, 00:00:00",APU-20,3,93,12497.30000,AN-4412-19615
Wittstock,552,Gomez-Anderson,2024-04-20,APU-15,N,25,7077.80000,KQ-4918-44772
Lake Loriberg,553,Wagner,04 Feb 2019,APU-20,N,48,,ZT-1249-78818
Sebnitz,554,Lozano-Nguyen,2016-01-28,APU-15,L,35,15696.70000,DR-6513-21536
Artern,555,Eigenwillig AG,2017/02/05,APU-15,normal,61,17898.10000,MU-8287-69926
Miranda do Douro,556,Lima,"10/14/2024, 00:00:00",APU-15,med,46,12438.90000,HE-5688-07886
Miltenberg,557,Henriques S/A,"08/03/2020, 00:00:00",APU-20,heavy,86,10229.00000,MD-3336-52650
West Lisa,558,Metz GmbH & Co. KGaA,"09/04/2015, 00:00:00",APU-12,normal,59,10829.00000,YM-8516-35312
Dianastad,559,Melo,"07/12/2024, 00:00:00",APU-15,light,23,13420.00000,MZ-5226-27033
Waltonport,560,Mendes e Filhos,13 Dec 2015,APU-12,light,63,16754.00000,OI-0596-43302
Bad Kissingen,561,Melo,02 Oct 2016,APU-20, med ,60,12598.00000,YB-3075-39895
Lisastad,562,Morais,2015/12/27,XC-7,med,74,11694.10000,WD-3784-26716
Kellychester,563,Schenk,2017-07-03,APU-15,med,48,3832.10000,MA-6953-41569
Jasminebury,564,Eigenwillig AG,2018/01/30,APU-15,1,23,27739.60000,NE-8519-42757
Neu-Ulm,565,"Barnes, Ross and Hurst","08/30/2024, 00:00:00",APU-20,heavy,56,9063.80000,EU-3031-14200
Lippstadt,566,Ribeiro,2015-02-09,APU-12,heavy,84,13279.50000,PA-1766-32898
Santo Tirso,567,Mendes e Filhos,2018/05/09,APU-12,L,8,,XX-8326-51473
Miltenberg,568,Karz KG,01 Apr 2021,APU-12, 1 ,7,22021.90000,AC-9160-12103
Adamstad,569,"Pierce, Fuller and Lester",2020-09-13,XC-7,3,94,8744.60000,FG-1978-46244
Dianastad,570,Henriques S/A,"12/07/2016, 00:00:00",XC-7,light,0,4305.60000,YJ-7347-58542
Sebnitz,571,Henriques S/A,24 Nov 2017,XC-7,L,56,3449.90000,DT-2336-16024
Grevenbroich,572,Mendes e Filhos,28 Mar 2022,APU-12,L,20,,DG-5063-25943
North Kimberly,573,Silva,"04/08/2023, 00:00:00",APU-15,L,38,8295.00000,DR-9974-48513
Burg,574,Pinto,2016/01/24,APU-20, 3 ,104,19683.40000,LG-6720-36255
Jenniferton,575,Duncan-Brown,2021-06-28,APU-15,med,77,6794.20000,BE-3462-77178
Tomar,576,Phillips PLC,2016/11/14,APU-12,1,5,22996.30000,LT-5486-35613
North Roberttown,577,Möchlichen,"11/13/2015, 00:00:00",APU-12,2,51,9962.30000,VX-5036-62182
Grevenbroich,578,Branco S/A,"05/28/2023, 00:00:00",APU-20,light,3,3642.00000,FC-6230-64095
Lake Kevin,579,Wagner,30 Jun 2024,APU-12,1,18,8352.70000,XV-5601-32804
Neu-Ulm,580,"Barnes, Ross and Hurst",2023/01/22,APU-12,2,69,11197.20000,HQ-0895-13147
South Amyport,581,"Pierce, Fuller and Lester",2016/08/05,APU-15,L,96,11344.80000,ET-2027-96706
Lippstadt,582,Jähn,"06/08/2021, 00:00:00",APU-12,med,93,21100.70000,RC-9044-05824
Neu-Ulm,583,Mendes e Filhos,"11/03/2019, 00:00:00",APU-15, normal ,73,6665.70000,JE-9181-34942
Ludwigslust,584,Olson-Wyatt,2016-09-01,APU-12,2,59,6641.30000,OC-9798-13635
Santarém,585,Riehl Zahn GmbH & Co. OHG,2023-01-12,APU-12,L,21,6174.30000,US-4577-42610
East Candace,586,Pinto,16 Apr 2017,XC-7,N,57,4785.10000,MV-7630-76971
Thomasland,587,Johann GmbH,2022/02/28,APU-20,3,94,17132.40000,FN-0781-60299
Lippstadt,588,Gaspar Ferreira S.A.,2021-11-06,XC-7,H,84,13305.20000,AY-3403-34508
Wittstock,589,Ribeiro,11 Aug 2024,APU-20,2,57,5073.40000,GI-9875-79957
Saulgau,590,Wagenknecht,2019/06/15,APU-15,heavy,83,6793.40000,AM-1229-18099
Miltenberg,591,Lima,2015/03/23,APU-20,L,2,11188.60000,GT-8017-69238
Port Kevin,592,Morais,22 Jun 2023,APU-12,heavy,104,4000.00000,JB-7803-02375
Bad Kissingen,593,Duncan-Brown,2016-01-07,APU-12, N ,24,11160.50000,KX-7945-73612
Lake Kevin,594,Silva,2018/12/27,XC-7,1,23,23034.00000,JG-5729-27904
Grevenbroich,595,Schenk,2024-05-13,APU-20,L,29,19553.10000,FE-4271-77627
North David,596,Smith-Scott,2016/04/21,APU-12,N,84,13450.30000,WV-9336-61594
Genthin,597,Johnson PLC,"01/23/2017, 00:00:00",APU-15,L,7,13045.40000,BG-8761-06728
Lippstadt,598,Wiek GmbH & Co. KG,"04/12/2022, 00:00:00",APU-15,L,28,25202.90000,LC-6320-41246
New Shane,599,Phillips PLC,"12/23/2016, 00:00:00",XC-7,N,70,,PK-0591-83261
Ribeira Grande,600,Wähner,26 Dec 2023,XC-7,H,88,11979.20000,ZY-8996-20245
Bad Kissingen,601,Morais,2015/06/29,APU-15,N,100,22112.60000,VI-5428-19708
Peso da Régua,602,Möchlichen,"04/19/2016, 00:00:00",APU-15,H,114,10262.50000,GE-4344-46717
Mccormickborough,603,Lima,2019-07-20,APU-12,light,18,17517.90000,PJ-8708-98879
Dianastad,604,Branco S/A,2019-05-13,APU-15,2,62,9178.20000,IR-9946-29518
Grevenbroich,605,Henriques S/A,"02/02/2017, 00:00:00",APU-15,L,5,13623.70000,NL-1447-42781
New Shane,606,Gomez-Anderson,2017/12/27,XC-7,2,70,13671.70000,WE-4346-88922
Miranda do Douro,607,Eigenwillig AG,26 Oct 2017,APU-20,heavy,38,6138.60000,IG-6785-06574
Santarém,608,Antunes,2018-08-16,APU-12, 1 ,90,6046.40000,DM-3380-84612
Waltonport,609,Riehl Zahn GmbH & Co. OHG,2018/04/16,APU-20,light,17,30088.10000,MM-8373-38989
Gouveia,610,Smith-Scott,2015-02-22,APU-15,2,54,10336.20000,AJ-4679-71496
Sebnitz,611,Schenk,"09/29/2016, 00:00:00",XC-7,3,85,7766.10000,BT-0455-97478
Nicholsburgh,612,Mendes e Filhos,"04/18/2021, 00:00:00",APU-15,normal,85,10782.20000,YA-5393-59314
Dresden,613,Ortiz Inc,2018/12/06,APU-15,med,72,6434.80000,KM-5268-76016
Jasminebury,614,Smith-Scott,"09/22/2018, 00:00:00",XC-7,N,43,8855.90000,JC-0344-08741
Miltenberg,615,Lozano-Nguyen,2022/06/21,XC-7,med,74,19254.60000,HO-0440-13116
Mccormickborough,616,Riehl Zahn GmbH & Co. OHG,2015/09/03,XC-7,normal,48,8441.90000,SN-4212-48138
Aachen,617,Lozano-Nguyen,01 Nov 2023,XC-7,1,108,11993.00000,MZ-6806-55971
Lake Kevin,618,Wähner,2020/05/18,APU-15,L,29,28093.90000,DX-1982-84925
Setúbal,619,Johnson PLC,"12/16/2021, 00:00:00",APU-15,H,95,5774.70000,OX-7155-54872
East Zachary,620,Phillips PLC,"08/25/2024, 00:00:00",XC-7,H,90,,ZU-8464-59411
East Zachary,621,Morais,14 May 2020,XC-7,med,79,11130.00000,HB-5375-64541
Lippstadt,622,Mendes e Filhos,2019/06/08,APU-20, 3 ,114,13475.80000,OD-9246-01356
South Melissaside,623,Metz GmbH & Co. KGaA,"04/28/2023, 00:00:00",APU-15,heavy,22,17627.70000,WC-4231-38708
Ludwigslust,624,Ramos,"05/03/2015, 00:00:00",APU-15,normal,50,17125.00000,RA-3075-77500
Lisastad,625,Wagenknecht,15 May 2017,APU-20,1,76,22557.20000,RJ-1261-65337
Salazarville,626,Olson-Wyatt,2022/11/09,APU-12,3,82,6601.60000,QF-2376-78382
Saulgau,627,Morais,2024-04-27,XC-7,3,101,12129.40000,DZ-3296-30586
East Candace,628,Melo,2024/07/21,XC-7,1,39,23826.90000,EC-3524-56781
Dresden,629,Leal S/A,"08/27/2024, 00:00:00",APU-20,N,69,9604.70000,UQ-0690-82729
Gouveia,630,Lima,"04/23/2015, 00:00:00",APU-20, 2 ,65,16797.50000,CX-5311-86862
Gouveia,631,Jähn,18 Oct 2015,APU-15,L,36,9009.70000,KU-9580-98153
Adamstad,632,Morais,2020/12/23,APU-12,L,21,4656.80000,LQ-1119-04159
New Shane,633,Wagenknecht,2019/09/15,APU-15,H,96,33175.00000,FE-9607-20650
Grevenbroich,634,Lozano-Nguyen,18 Sep 2021,APU-20,heavy,93,14437.50000,MV-4100-46237
Odivelas,635,Lozano-Nguyen,2024-05-25,APU-20,N,49,,IV-2050-68753
North Roberttown,636,Smith-Scott,"05/01/2018, 00:00:00",XC-7,N,55,20846.40000,FF-4724-56962
Bad Kissingen,637,Pinto,05 Nov 2016,APU-15,normal,31,9649.60000,MI-2480-88579
Odivelas,638,Ortiz Inc,"05/03/2016, 00:00:00",APU-12,1,5,4712.10000,CT-8998-74196
East Candace,639,Riehl Zahn GmbH & Co. OHG,21 Aug 2021,XC-7,2,73,7675.70000,PG-6536-74461
Devinview,640,Metz GmbH & Co. KGaA,"10/21/2018, 00:00:00",APU-15,H,80,13483.80000,BP-5839-79229
Jenniferton,641,Mendes e Filhos,06 Oct 2019,APU-20,med,72,28183.30000,QN-6679-82230
Lake Loriberg,642,Branco S/A,17 Dec 2022,APU-20,3,86,33541.60000,CY-0615-86264
South Melissaside,643,Johnson-Sanchez,27 Mar 2024,APU-12,L,5,29672.60000,WK-1356-44855
Vila Nova de Foz Côa,644,Wirth Mende GmbH & Co. KG,2022-09-15,XC-7,L,16,19669.70000,BM-0176-30974
Porto Santo,645,Mendes e Filhos,2019/08/31,XC-7,heavy,59,13780.70000,HR-4427-19720
Dianastad,646,Wiek GmbH & Co. KG,"10/04/2017, 00:00:00",APU-20,1,5,6905.50000,FU-1698-12367
Grevenbroich,647,Cameron-Smith,12 Feb 2018,APU-12,L,18,9988.20000,JQ-1246-43148
Waltonport,648,Olson-Wyatt,17 Feb 2022,XC-7,heavy,99,17138.20000,HE-8655-94067
Santo Tirso,649,Melo,01 Aug 2024,APU-12,heavy,62,14926.30000,IN-9892-51846
North Maria,650,Henriques S/A,05 Oct 2015,APU-20, H ,101,16367.90000,HZ-4761-83903
Adamstad,651,Gaspar Ferreira S.A.,04 May 2015,XC-7,heavy,114,9629.80000,FM-5015-12624
Vila Nova de Foz Côa,652,Jähn,2020-03-21,APU-15,H,98,5873.00000,QO-4356-07628
Miltenberg,653,Gude GmbH,"10/15/2017, 00:00:00",APU-20, normal ,50,11120.20000,ZK-9371-93539
Thomasland,654,Johnson-Sanchez,2024/10/03,APU-12,L,15,9134.90000,CU-3592-51591
South Amyport,655,Olson-Wyatt,14 Jul 2016,APU-12,H,65,6746.90000,MP-5440-20898
Freising,656,Henriques S/A,"10/31/2018, 00:00:00",APU-15,med,48,11964.60000,DM-8371-76090
South Melissaside,657,Ribeiro,2015/04/19,APU-12,N,53,9472.30000,WC-6178-51830
Fergusonport,658,Gaspar Ferreira S.A.,26 Feb 2016,XC-7,L,99,13014.40000,KV-5847-31148
Adamstad,659,Wagner,"03/17/2016, 00:00:00",XC-7, 1 ,39,9765.00000,AC-8831-16999
South Melissaside,660,Eigenwillig AG,2021/11/05,XC-7,normal,66,17927.10000,UU-8085-86866
Port Kevin,661,Gude GmbH,"09/27/2020, 00:00:00",APU-20, 3 ,101,7369.40000,LL-2600-28939
East Candace,662,Ortiz Inc,2022/03/15,APU-20, med ,53,26815.00000,IV-3004-89875
Port Kevin,663,Möchlichen,2015-06-25,XC-7,H,84,31203.20000,HQ-6803-89966
Miltenberg,664,Jähn,"06/14/2017, 00:00:00",XC-7,light,39,4908.40000,ZD-7332-37667
Mccormickborough,665,Antunes,2019-11-17,XC-7,light,6,15350.90000,WN-1209-01170
South Amyport,666,Johnson-Sanchez,"01/05/2020, 00:00:00",APU-12,N,67,29331.80000,RW-2871-12689
Aachen,667,Gude GmbH,"01/25/2022, 00:00:00",XC-7,N,57,11536.10000,XJ-2564-28684
Artern,668,Ramos,2023/05/31,APU-20, light ,33,4377.30000,OE-6692-03359
Port Kevin,669,Ramos,2022/10/15,APU-12,L,90,15524.60000,AM-5852-00044
Adamstad,670,"Pierce, Fuller and Lester",07 Feb 2018,APU-15,light,2,18243.40000,RS-2281-66136
Setúbal,671,Metz GmbH & Co. KGaA,2022-07-10,APU-15,normal,62,11901.50000,GD-4782-31332
North David,672,Wagenknecht,2021-11-15,APU-15,L,14,44746.40000,OJ-0909-76473
East Zachary,673,Smith-Scott,2022/06/22,APU-20,1,26,8478.50000,MI-0363-23998
Jenniferton,674,Ortiz Inc,2015-08-18,APU-15,normal,57,29356.40000,VY-6182-15273
Santarém,675,Morais,"01/14/2020, 00:00:00",XC-7,heavy,45,8181.90000,GH-6210-01219
Goslar,676,Johnson PLC,2018/08/28,APU-20,heavy,119,6510.00000,GC-6808-07607
Adamstad,677,Gude GmbH,2015-05-10,APU-15,med,58,8002.20000,XU-1981-21561
Burg,678,Melo,17 May 2023,XC-7,med,23,8626.40000,WX-1699-99726
Genthin,679,Leal S/A,"01/21/2022, 00:00:00",APU-15,2,58,,PB-6408-41671
Genthin,680,Gomez-Anderson,2019/02/23,APU-20,1,7,5498.80000,DV-7784-36590
Bad Kissingen,681,Olson-Wyatt,2022-11-25,APU-12,2,47,16336.30000,UB-5385-57087
Burg,682,"Pierce, Fuller and Lester",2016-09-02,APU-12,3,100,14658.90000,DY-7281-29694
West Lisa,683,Smith-Scott,2017/07/03,APU-12,3,94,9960.10000,XE-0038-49459
Hofgeismar,684,Silva,2024-11-21,XC-7,med,70,5974.20000,KQ-5861-69221
North Roberttown,685,Wagner,"09/19/2016, 00:00:00",XC-7,1,48,18373.10000,DS-3829-45656
Cartaxo,686,Pinto,"10/25/2018, 00:00:00",APU-15,1,10,20936.90000,TV-1948-66173
Thomasland,687,Phillips PLC,"05/02/2023, 00:00:00",APU-12, 1 ,38,7225.30000,RG-8830-06857
West Lisa,688,Möchlichen,2016/10/07,APU-12, N ,115,33083.10000,TU-5951-21345
North Maria,689,Eigenwillig AG,04 Jul 2017,XC-7,med,63,24029.20000,XI-6032-30396
Dresden,690,Ortiz Inc,2023/11/03,APU-20,2,55,6008.80000,VO-2943-51542
Adamstad,691,Karz KG,2016/05/09,APU-15, light ,78,14383.30000,NH-6613-97720
Hofgeismar,692,Schenk,"11/05/2016, 00:00:00",XC-7, med ,40,6271.80000,UZ-9875-88748
Santo Tirso,693,Möchlichen,"07/01/2016, 00:00:00",APU-12,1,48,23022.80000,KW-3034-21554
Ludwigslust,694,"Barnes, Ross and Hurst",2019/06/30,APU-12,L,17,7574.10000,DN-9149-76265
Burg,695,Morais,2015/10/15,APU-20,H,109,9216.70000,UF-9089-72043
North David,696,Duncan-Brown,17 Sep 2021,APU-12,3,112,11125.10000,YV-7344-12515
Dianastad,697,Johann GmbH,"01/15/2020, 00:00:00",APU-15,med,40,5395.40000,UF-9648-83066
Sebnitz,698,Gaspar Ferreira S.A.,"10/10/2018, 00:00:00",APU-12,1,19,12132.10000,LP-0980-25388
Adamstad,699,Silva,2020/07/11,APU-20,N,76,6999.20000,IH-0513-64154
Peso da Régua,700,Lozano-Nguyen,2023-06-28,APU-12,3,56,10509.00000,QB-6683-55156
Saulgau,701,Sousa,2020-02-10,APU-20,N,105,5430.40000,WE-0101-83285
North Kimberly,702,Wiek GmbH & Co. KG,"07/16/2022, 00:00:00",APU-15, L ,2,5098.40000,XB-3522-19774
Vila Nova de Santo André,703,Schenk,2016-05-01,XC-7,3,92,8406.10000,CH-7077-00611
Santo Tirso,704,Branco S/A,"01/03/2019, 00:00:00",APU-12,med,44,7146.20000,GN-5430-40865
Mirandela,705,Branco S/A,2020/03/16,APU-12,med,87,8830.70000,UR-6652-02560
Genthin,706,Wähner,2020/05/23,APU-12,light,74,14735.90000,RC-4279-19478
Porto Santo,707,Antunes,19 Dec 2015,XC-7, N ,77,13490.90000,SE-7078-57186
Dresden,708,Olson-Wyatt,2017-09-28,XC-7,1,25,30024.40000,AR-4450-62716
Wittstock,709,Möchlichen,2019/08/01,XC-7,3,85,8994.30000,JW-5263-33646
Ribeira Grande,710,"Pierce, Fuller and Lester","08/25/2020, 00:00:00",APU-15,1,39,8898.60000,QO-4754-51248
Santo Tirso,711,Wagner,08 Jul 2022,APU-20, med ,69,4709.70000,IE-4122-22784
Jenniferton,712,Johnson-Sanchez,"05/09/2019, 00:00:00",APU-12,med,61,16144.60000,DC-8063-95264
North David,713,Ramos,"04/20/2018, 00:00:00",XC-7,H,109,4927.30000,JW-5323-75999
Cartaxo,714,Jähn,2024/10/06,APU-12,1,18,15534.20000,QG-6861-21938
East Zachary,715,Johnson-Sanchez,"01/03/2024, 00:00:00",APU-20,normal,68,45000.00000,LL-3483-94719
Jenniferton,716,Pinto,2024-08-31,APU-20,heavy,82,36849.10000,MX-4705-95284
Odivelas,717,Gude GmbH,26 Oct 2016,APU-12,normal,72,8230.80000,YL-7730-81354
Mirandela,718,Smith-Scott,"05/31/2022, 00:00:00",APU-15,L,6,15909.20000,FU-2560-72131
Miranda do Douro,719,Eigenwillig AG,02 Jun 2015,APU-15,2,51,,ZH-0800-51008
Ludwigslust,720,Gude GmbH,"05/18/2018, 00:00:00",APU-12, normal ,42,11250.20000,IU-5423-22523
Loulé,721,Melo,2018-01-30,APU-15, 3 ,86,4216.30000,AS-4426-72321
Lippstadt,722,Riehl Zahn GmbH & Co. OHG,21 Jan 2020,XC-7, normal ,65,21943.80000,SP-1837-71846
Port Kevin,723,"Pierce, Fuller and Lester",2023/08/02,XC-7, 2 ,54,6516.50000,JM-9990-12687
Dresden,724,Eigenwillig AG,"02/18/2023, 00:00:00",APU-12,light,20,14727.10000,VM-1048-19362
Lippstadt,725,Wiek GmbH & Co. KG,2020/09/24,APU-20,1,99,10655.10000,ST-3836-91388
Lisastad,726,Gomez-Anderson,2016-05-31,XC-7, N ,72,10129.60000,FG-7818-73308
Santo Tirso,727,Gude GmbH,06 Sep 2016,APU-15,L,37,6511.70000,CH-6697-64468
Dianastad,728,Gude GmbH,"12/30/2017, 00:00:00",APU-20,3,101,5421.90000,ZJ-4991-18031
Mirandela,729,Gude GmbH,2019/10/25,APU-15,light,7,5700.60000,AQ-8959-69807
Thomasland,730,Mendes e Filhos,2021-05-12,APU-20,light,7,18292.60000,UA-5770-36539
Ludwigslust,731,Ribeiro,2023-08-04,APU-20,1,30,9052.90000,PW-3640-26461
Jenniferton,732,Olson-Wyatt,31 May 2021,APU-12, N ,1,15535.60000,KE-2256-11362
Artern,733,Gomez-Anderson,"07/24/2021, 00:00:00",APU-12,normal,53,4856.50000,TK-6826-52212
Bad Kissingen,734,Wiek GmbH & Co. KG,2016-10-15,APU-15,3,97,6569.80000,PF-4145-29410
Nicholsburgh,735,Mendes e Filhos,07 Feb 2024,APU-15,med,57,8483.30000,BJ-2245-07115
New Shane,736,Schenk,2020-11-27,APU-20,light,22,22829.50000,IH-9200-63350
Waltonport,737,Jähn,2021-11-27,XC-7,heavy,95,11072.50000,SA-3956-78820
Lisastad,738,Gaspar Ferreira S.A.,"08/24/2015, 00:00:00",XC-7,2,26,3954.10000,TH-9585-50571
Lake Loriberg,739,Wirth Mende GmbH & Co. KG,2017/07/14,APU-20, normal ,47,11668.90000,XT-1219-05139
Sebnitz,740,Cameron-Smith,2021/10/26,APU-15,heavy,109,6481.50000,ME-4156-36364
Neu-Ulm,741,Silva,02 Nov 2024,XC-7,light,25,5865.50000,JG-3667-32482
Miltenberg,742,Riehl Zahn GmbH & Co. OHG,2019-04-05,XC-7,3,102,6438.20000,ZD-4503-71489
Artern,743,Metz GmbH & Co. KGaA,2015-07-24,APU-15,1,22,13408.80000,RD-2792-60256
North Kimberly,744,Gomez-Anderson,"11/01/2022, 00:00:00",APU-12,heavy,43,2754.90000,AR-9741-58073
Dresden,745,"Pierce, Fuller and Lester",17 Jul 2016,XC-7, 2 ,58,10897.10000,NR-1138-80206
Dresden,746,Ribeiro,2015-12-23,XC-7,1,2,34918.90000,GB-3703-58410
Vila Nova de Foz Côa,747,Lozano-Nguyen,2018/03/21,XC-7,light,24,7458.60000,OP-3367-99686
East Candace,748,Phillips PLC,2018-06-14,APU-20,light,32,11428.20000,MO-9565-27953
Lake Loriberg,749,Karz KG,2015/11/19,XC-7,light,4,18487.80000,XL-6683-86616
Neu-Ulm,750,Karz KG,2020/01/09,APU-12,heavy,106,20533.90000,TD-0394-89488
Adamstad,751,Wagner,"01/17/2016, 00:00:00",APU-20,normal,31,8220.60000,CE-9757-77131
Odivelas,752,Wagenknecht,2020-07-07,APU-12,L,39,5625.10000,YA-8437-17338
Setúbal,753,Cameron-Smith,"01/13/2017, 00:00:00",APU-15,normal,45,34190.10000,HB-1545-01305
Dresden,754,Eigenwillig AG,2016/06/17,APU-15,med,76,3128.70000,LI-6030-55664
Santarém,755,Melo,07 Sep 2020,APU-12, light ,13,22938.80000,NI-2110-53900
Gouveia,756,Johann GmbH,09 Nov 2015,APU-15,1,8,3465.60000,UN-5092-93498
Jenniferton,757,Riehl Zahn GmbH & Co. OHG,2024/07/24,APU-20,med,75,3012.80000,OV-3391-48231
Odivelas,758,Ribeiro,"06/14/2022, 00:00:00",XC-7,med,66,8485.70000,JO-4638-73194
Adamstad,759,Phillips PLC,2022/04/16,APU-15,med,68,15543.20000,SS-4313-10100
Devinview,760,"Pierce, Fuller and Lester",2018/07/15,APU-20, H ,89,6193.90000,NJ-4195-98508
Fergusonport,761,Wagner,"08/05/2019, 00:00:00",XC-7,N,50,22774.20000,DX-4358-94316
Kellychester,762,Antunes,11 Apr 2024,XC-7,H,73,19832.80000,WE-9002-64281
Miltenberg,763,Silva,2024/12/13,XC-7,1,36,45000.00000,CK-9117-11299
Miltenberg,764,Silva,"02/17/2023, 00:00:00",APU-12,2,56,16388.40000,ZB-8232-27822
Dianastad,765,Schenk,2015/12/17,APU-20,1,4,20925.30000,JK-4288-91890
Dianastad,766,Pinto,17 Feb 2022,APU-20,L,1,24642.70000,LQ-8893-83703
Devinview,767,Wähner,"06/04/2021, 00:00:00",APU-15,light,25,7562.70000,GY-7105-44062
Lippstadt,768,Olson-Wyatt,2019-06-02,APU-12,1,20,13243.50000,RV-9978-81162
North David,769,Melo,"08/05/2021, 00:00:00",APU-15,light,113,45000.00000,VN-4485-06721
Odivelas,770,Möchlichen,2024/12/16,XC-7,L,77,15152.10000,IJ-4605-35238
Dresden,771,Olson-Wyatt,24 Jan 2017,XC-7,normal,52,45000.00000,VP-2814-69901
Salazarville,772,Lozano-Nguyen,"08/10/2017, 00:00:00",APU-20,1,0,9871.50000,ZT-5229-86178
Mirandela,773,Cameron-Smith,2022/07/14,XC-7,L,83,12334.20000,DD-2919-07195
South Melissaside,774,"Barnes, Ross and Hurst",2018-02-03,APU-12,light,11,28006.80000,HC-3957-53117
Jasminebury,775,Karz KG,2015-03-30,APU-20,med,76,8007.50000,CC-7948-97934
Burg,776,Eigenwillig AG,"03/13/2018, 00:00:00",APU-15,H,106,8529.00000,VF-7726-15191
Loulé,777,Sousa,2023/01/09,APU-20,3,105,19935.60000,VC-5820-66170
Porto Santo,778,Leal S/A,2016-04-07,XC-7,N,50,21546.10000,TP-8689-10681
Dresden,779,Ortiz Inc,2021-01-15,XC-7, heavy ,60,11496.40000,XU-4461-54594
Salazarville,780,Smith-Scott,2021-03-25,XC-7,1,21,6491.30000,FB-3092-25676
Dresden,781,Phillips PLC,02 Jan 2023,APU-15, 1 ,3,13650.20000,TW-2638-93413
Porto Santo,782,Ortiz Inc,2015/03/22,APU-12,H,84,45000.00000,JV-4760-17766
Cartaxo,783,Schenk,27 Aug 2023,APU-20,light,16,15389.40000,QM-2050-82018
Gouveia,784,"Barnes, Ross and Hurst",2017/10/20,APU-12,1,6,8967.60000,QC-5099-07755
Neu-Ulm,785,Branco S/A,"04/21/2019, 00:00:00",XC-7,H,100,23022.20000,GZ-1919-40435
North Kimberly,786,Ramos,"06/28/2017, 00:00:00",XC-7, N ,72,9483.50000,KE-2782-85909
Gouveia,787,Duncan-Brown,16 Jun 2018,APU-12,N,55,27240.30000,CB-5749-49428
Grevenbroich,788,Mendes e Filhos,2020/09/24,APU-12,heavy,111,15242.80000,SG-5379-02788
South Melissaside,789,"Barnes, Ross and Hurst",2019-01-12,APU-20,med,78,45000.00000,UP-8491-99528
Devinview,790,Morais,2017/06/23,XC-7,1,18,12264.10000,AY-3386-95551
Devinview,791,Lima,05 Jan 2023,APU-15,3,50,15504.30000,EB-0329-96544
Thomasland,792,Wagner,2020/12/14,XC-7,3,107,7173.40000,DT-0344-32677
Winterston,793,Henriques S/A,2017/06/25,APU-20,1,15,18854.80000,GP-5292-95461
Angra do Heroísmo,794,Wagenknecht,2023/02/10,APU-12,light,33,4802.20000,ZT-9008-87798
Neu-Ulm,795,Gude GmbH,"06/24/2024, 00:00:00",XC-7,2,45,,MT-6479-21615
Goslar,796,Schenk,2024-03-28,APU-15,2,76,7490.30000,YT-1477-78078
South Melissaside,797,Möchlichen,14 Dec 2017,APU-20,L,34,5612.10000,IQ-9934-16687
Lippstadt,798,Metz GmbH & Co. KGaA,04 Aug 2019,XC-7,L,32,13270.80000,VI-4150-46258
East Candace,799,Johnson-Sanchez,30 Nov 2015,APU-12,2,70,6012.20000,VH-4739-65508
North Roberttown,800,Riehl Zahn GmbH & Co. OHG,2016-10-08,XC-7,1,6,16132.40000,MX-6224-20668
Winterston,801,Wirth Mende GmbH & Co. KG,"04/10/2021, 00:00:00",APU-15,light,21,8800.60000,WN-6005-66102
Hofgeismar,802,Mendes e Filhos,2020/08/06,APU-12,med,103,11644.70000,WG-1716-40365
Winterston,803,Ortiz Inc,"02/21/2018, 00:00:00",APU-12,2,23,15287.70000,ES-0190-24626
Grevenbroich,804,Lozano-Nguyen,2020/11/04,APU-20,light,7,6969.00000,FU-2105-13270
Odivelas,805,Henriques S/A,07 Feb 2020,APU-12,2,97,29394.90000,EV-0505-64177
East Zachary,806,Sousa,06 Aug 2021,APU-20,1,2,8199.00000,CP-6359-04902
Mirandela,807,Silva,2019/06/05,APU-12,heavy,117,45000.00000,XI-4573-72177
Port Kevin,808,Wagenknecht,2017-06-22,XC-7,3,119,17779.90000,IP-6117-89527
North Maria,809,Antunes,"03/21/2024, 00:00:00",APU-15, heavy ,84,9147.80000,QS-6158-03859
Angra do Heroísmo,810,Mendes e Filhos,2020/06/15,APU-15,med,75,22985.90000,MV-4273-26477
Loulé,811,Wagner,"04/03/2022, 00:00:00",APU-12,N,54,16217.50000,IS-9840-65297
New Shane,812,Ramos,"08/05/2024, 00:00:00",XC-7,1,2,10980.50000,XF-5171-98767
Neu-Ulm,813,Melo,06 Nov 2016,XC-7,N,66,5984.40000,QT-6469-46232
Lake Kevin,814,Johnson-Sanchez,20 Aug 2018,XC-7, 3 ,103,10338.60000,DW-4996-74120
Adamstad,815,Henriques S/A,"03/13/2022, 00:00:00",XC-7,heavy,95,9251.10000,MV-0617-24734
Ludwigslust,816,Möchlichen,2024/05/21,APU-15,normal,78,8331.90000,RM-3016-27530
Port Kevin,817,Wähner,21 Feb 2021,XC-7,normal,45,33244.70000,CS-0298-65634
Setúbal,818,Jähn,14 Jan 2020,APU-12,1,37,15509.70000,PS-8181-28627
Dianastad,819,Gomez-Anderson,04 Sep 2018,APU-20,L,38,22742.90000,TG-5548-99938
Genthin,820,Eigenwillig AG,"03/06/2022, 00:00:00",XC-7,1,21,14109.00000,EG-5845-50237
Setúbal,821,Morais,2018-02-26,XC-7,1,70,8198.80000,SJ-2581-95436
New Shane,822,Johann GmbH,2023-10-07,APU-12,med,40,11291.90000,UX-8155-11706
New Shane,823,Johann GmbH,2016/06/29,APU-20,normal,41,37342.70000,EL-3115-83884
Grevenbroich,824,Wagner,2015/08/30,XC-7,L,20,14831.70000,BO-0945-70842
Salazarville,825,Sousa,"03/09/2018, 00:00:00",APU-20,1,35,18777.10000,CD-5933-90854
North David,826,Wagner,2020-09-15,APU-15,1,20,7256.00000,ZF-0418-95322
Fergusonport,827,"Pierce, Fuller and Lester",2019-09-10,XC-7, heavy ,76,7627.40000,WG-9666-03620
Jenniferton,828,Jähn,"04/10/2024, 00:00:00",APU-15,H,116,19365.20000,JP-0493-11942
Ribeira Grande,829,Riehl Zahn GmbH & Co. OHG,"07/05/2024, 00:00:00",APU-12,light,15,10243.20000,MA-7008-90720
West Lisa,830,Karz KG,11 Dec 2017,APU-15,H,28,13548.10000,PP-8964-02171
Vila Nova de Foz Côa,831,Metz GmbH & Co. KGaA,12 Dec 2021,APU-15,heavy,104,6735.80000,GA-2506-42333
Dresden,832,Melo,2016-07-12,XC-7,normal,55,26168.50000,ZE-9613-78569
Dresden,833,Wiek GmbH & Co. KG,2023-12-07,XC-7,2,59,,AK-7923-20619
Bad Kissingen,834,Schenk,2019-09-05,APU-12,1,11,22280.60000,WY-1283-39806
Loulé,835,Metz GmbH & Co. KGaA,"09/01/2024, 00:00:00",XC-7,light,17,10813.30000,BD-7351-77307
Burg,836,Metz GmbH & Co. KGaA,27 Feb 2019,APU-12,med,54,23195.80000,MV-5334-99790
Gouveia,837,Ortiz Inc,2020/03/13,APU-20,2,118,14617.70000,CU-8748-93406
Dresden,838,Mendes e Filhos,2023/04/15,APU-12,2,12,12714.10000,ON-8531-68114
Mccormickborough,839,Ribeiro,2023/10/15,XC-7,H,90,13931.20000,EP-8268-89160
Genthin,840,Lozano-Nguyen,2017/02/22,APU-20,normal,62,,RN-7018-35751
Mirandela,841,Schenk,25 Jun 2024,APU-20,L,91,11802.50000,QN-3048-12143
Winterston,842,Jähn,2015/06/12,APU-12,normal,46,3525.60000,OA-6965-05450
Sebnitz,843,"Pierce, Fuller and Lester",30 Apr 2017,APU-12,normal,5,24325.10000,SH-1550-74888
Salazarville,844,Wagner,"12/03/2024, 00:00:00",XC-7,N,74,41339.00000,HC-6645-29092
Winterston,845,Cameron-Smith,"06/23/2022, 00:00:00",APU-12,L,62,8103.80000,AP-0654-60697
Santo Tirso,846,Möchlichen,2017-08-22,XC-7,normal,75,,FA-5415-24010
Port Kevin,847,Lima,2023-08-06,APU-12,med,63,3976.90000,SK-7899-34570
North Roberttown,848,Antunes,2017/10/23,APU-15,H,113,15467.00000,FV-3220-18485
Thomasland,849,Karz KG,"02/27/2022, 00:00:00",APU-20,med,75,15030.60000,GX-3401-88730
Mirandela,850,Morais,2017-09-11,APU-15,L,75,17063.50000,CO-3301-64972
Lake Loriberg,851,Metz GmbH & Co. KGaA,2020-06-24,APU-12,normal,108,12751.50000,QY-4895-86768
Vila Nova de Santo André,852,Henriques S/A,12 Feb 2019,APU-15,L,71,20555.70000,ZP-6837-19101
South Melissaside,853,Ortiz Inc,29 Nov 2020,APU-12,1,1,,RH-2862-95078
Miltenberg,854,Morais,"04/28/2016, 00:00:00",APU-20, H ,85,7107.30000,IT-8508-42389
New Shane,855,"Pierce, Fuller and Lester",2023/10/12,APU-20,2,61,18979.80000,PZ-8844-80803
Adamstad,856,Wagner,2020/12/17,APU-15,3,100,3902.10000,PP-0987-86952
North Maria,857,Cameron-Smith,"02/15/2023, 00:00:00",XC-7,2,79,12204.30000,FB-1813-37784
Goslar,858,Branco S/A,14 Feb 2021,APU-15,N,65,,DT-8554-76939
Adamstad,859,"Pierce, Fuller and Lester",2024/08/17,APU-20,N,76,6258.60000,AE-9984-34117
Lippstadt,860,Sousa,2022/08/14,APU-12, N ,48,38195.20000,LB-3258-49445
Kellychester,861,Wähner,2017-08-25,XC-7,L,25,6900.10000,UG-3900-10807
Adamstad,862,Ribeiro,2023-04-10,APU-20,3,95,5178.70000,AN-3562-81399
East Candace,863,Silva,01 Jan 2016,APU-15,3,82,9134.90000,WV-2219-84136
Lippstadt,864,Silva,"09/08/2018, 00:00:00",XC-7,1,35,,KW-6607-62621
Port Kevin,865,Phillips PLC,2020-08-12,XC-7,L,13,45000.00000,PN-8895-83079
Vila Nova de Foz Côa,866,"Pierce, Fuller and Lester","11/05/2018, 00:00:00",APU-20,light,79,26014.00000,HN-8429-26725
Mccormickborough,867,Johnson-Sanchez,2017/01/25,APU-12,3,90,13112.80000,HA-6204-31181
Lisastad,868,Johnson-Sanchez,25 May 2023,APU-15,N,57,22035.30000,PJ-9195-15133
Neu-Ulm,869,Leal S/A,2018/09/18,XC-7,light,23,4411.50000,RI-2801-73762
Bad Kissingen,870,Olson-Wyatt,22 Apr 2016,APU-12,H,85,7864.50000,BY-1778-43769
Artern,871,Riehl Zahn GmbH & Co. OHG,2020-03-09,APU-12,1,37,9292.90000,XZ-0157-27663
East Candace,872,Pinto,2022/12/07,APU-20, light ,33,7949.80000,BZ-8916-43468
Tomar,873,Mendes e Filhos,13 Jul 2024,APU-15,heavy,103,19597.20000,PE-6611-08905
Dresden,874,Karz KG,23 Jun 2016,APU-20,heavy,42,45000.00000,UV-1037-84754
Miltenberg,875,Karz KG,13 Sep 2016,APU-12,N,47,15981.10000,GR-1636-94515
Dianastad,876,Wirth Mende GmbH & Co. KG,23 Jan 2023,XC-7,N,79,19132.50000,IT-2677-33819
Nicholsburgh,877,Wiek GmbH & Co. KG,2018/04/23,APU-15,H,110,,KX-4241-44750
North Maria,878,Leal S/A,11 Oct 2016,APU-12,N,68,20177.30000,YM-5031-51643
New Shane,879,Johnson-Sanchez,03 Oct 2020,APU-12,1,34,12745.20000,RL-1546-24025
Neu-Ulm,880,Phillips PLC,2022/10/20,APU-20,L,39,13313.30000,IR-0763-61481
Bad Kissingen,881,Lima,2022-03-22,APU-15,1,10,39195.70000,DC-4894-26468
Fergusonport,882,Wähner,11 Dec 2021,XC-7,L,15,17424.90000,OA-5140-21040
Salazarville,883,Ribeiro,2018-07-05,APU-15,2,46,14646.60000,JC-6395-47412
Bad Kissingen,884,Silva,2018/01/19,XC-7, light ,26,4305.30000,XP-3278-50489
Dresden,885,Ramos,04 Jan 2018,APU-20,H,6,13313.80000,KC-3121-46423
Thomasland,886,Gaspar Ferreira S.A.,2023-02-14,APU-12,N,60,9273.20000,EV-9346-10854
Fergusonport,887,Johann GmbH,"11/30/2022, 00:00:00",APU-15,light,18,10059.30000,BN-5831-76512
Ludwigslust,888,Branco S/A,2020-03-28,APU-15,L,29,26793.50000,NA-2261-43671
Setúbal,889,Johnson-Sanchez,2021-10-12,APU-20,3,21,8371.80000,TY-3994-61114
Tomar,890,"Barnes, Ross and Hurst",2021/07/06,XC-7,med,118,4311.00000,PJ-8077-81315
Setúbal,891,Wagner,2023/06/23,APU-15, 1 ,25,19942.80000,PC-8537-48597
East Candace,892,Lima,2016-03-30,APU-15,L,20,5336.50000,BE-4542-05049
North David,893,Metz GmbH & Co. KGaA,"01/10/2018, 00:00:00",APU-15,L,6,4646.90000,CF-7529-98932
Sebnitz,894,Schenk,2017-11-14,APU-20,1,30,,JJ-4878-31555
Neu-Ulm,895,Wagner,25 Oct 2016,APU-12,L,22,6952.80000,AV-3892-89437
Devinview,896,Metz GmbH & Co. KGaA,2021/02/02,APU-20,normal,62,21891.80000,FL-3197-22789
Devinview,897,Sousa,23 Jan 2018,APU-20, light ,36,7957.90000,AS-9549-71620
South Amyport,898,Lozano-Nguyen,2023-05-29,APU-15,L,21,14559.00000,RT-3638-00456
New Shane,899,Gaspar Ferreira S.A.,2022-06-19,XC-7,light,24,4291.00000,YR-5860-51763
East Zachary,900,Sousa,2024/12/11,APU-20,normal,64,18229.50000,CJ-4393-68494
West Lisa,901,Wähner,26 Oct 2023,APU-20,light,19,13284.80000,HQ-9094-89458
Odivelas,902,Olson-Wyatt,"06/29/2015, 00:00:00",XC-7,normal,41,9549.50000,HA-6415-60058
South Amyport,903,Wirth Mende GmbH & Co. KG,23 Jul 2016,APU-20,N,68,12480.20000,BZ-8401-64925
Miltenberg,904,Leal S/A,2016-12-04,APU-15,light,12,5419.10000,VV-8438-56204
Aachen,905,Möchlichen,2022-03-17,APU-15,normal,65,11960.40000,LP-0597-49424
Mirandela,906,Branco S/A,14 May 2019,XC-7,med,53,12212.70000,IE-6157-22040
Setúbal,907,Phillips PLC,03 Feb 2020,APU-20,3,93,27707.90000,SF-9824-38339
Ludwigslust,908,Sousa,2015-05-04,APU-12,L,16,21390.50000,UF-2862-85603
Fergusonport,909,Riehl Zahn GmbH & Co. OHG,"08/30/2022, 00:00:00",APU-20,2,41,7699.50000,NM-4034-69508
Kellychester,910,Antunes,2018/08/12,APU-15,light,17,34932.70000,SJ-5566-26749
South Melissaside,911,Möchlichen,11 Sep 2018,APU-15,L,14,,XD-7940-01274
Lippstadt,912,"Pierce, Fuller and Lester","09/03/2019, 00:00:00",APU-12,light,109,16741.70000,CE-0649-40426
Cartaxo,913,Wirth Mende GmbH & Co. KG,03 Apr 2017,APU-15, N ,49,,QB-2212-50300
Cartaxo,914,Smith-Scott,"03/18/2020, 00:00:00",APU-15,normal,55,9193.10000,QH-8660-75440
Tomar,915,Lozano-Nguyen,2018/01/02,APU-15, H ,119,5875.80000,QP-8665-49131
Waltonport,916,Branco S/A,2017-03-03,APU-15,1,51,6884.00000,QW-9014-39358
North Maria,917,Leal S/A,2021-11-07,APU-20,1,2,15072.80000,XU-8971-47231
New Shane,918,Phillips PLC,06 Aug 2021,XC-7,heavy,12,11242.20000,PN-1357-53912
Miranda do Douro,919,Phillips PLC,"07/16/2021, 00:00:00",APU-15,L,2,,SW-8667-96870
Goslar,920,Phillips PLC,06 Dec 2020,XC-7,3,92,27010.20000,RK-1203-33072
Porto Santo,921,Schenk,2024/07/23,APU-20,med,41,21818.90000,FI-1900-46914
East Zachary,922,Wirth Mende GmbH & Co. KG,"09/28/2016, 00:00:00",APU-12,L,21,15350.60000,BB-5883-56757
South Melissaside,923,Sousa,13 Dec 2019,XC-7,med,61,8746.10000,ZT-7512-33795
Wittstock,924,Mendes e Filhos,2024/02/17,APU-20,L,65,6367.20000,UQ-1222-25987
Miranda do Douro,925,Gomez-Anderson,15 Feb 2023,APU-12,H,84,12872.60000,HE-4645-78939
Neu-Ulm,926,"Pierce, Fuller and Lester",2017-01-10,APU-15,normal,88,4833.60000,TF-8475-39650
Santarém,927,Lima,2024-06-23,APU-15,L,34,11421.00000,XT-9737-93773
Adamstad,928,Leal S/A,2022-10-23,APU-15,L,11,6505.40000,ZJ-7248-96315
Saulgau,929,Johann GmbH,22 Jun 2016,APU-15,3,82,4963.80000,WH-9625-90903
Jenniferton,930,Antunes,"11/29/2020, 00:00:00",APU-15,heavy,112,15064.20000,JY-8895-80045
Goslar,931,Ortiz Inc,2015/12/03,APU-20,3,85,6892.20000,GJ-7172-91634
Waltonport,932,Antunes,2021/02/09,XC-7,light,24,5583.00000,XP-4010-32821
Jasminebury,933,Gaspar Ferreira S.A.,27 Jun 2017,XC-7,med,65,14548.20000,SS-3457-29289
Vila Nova de Foz Côa,934,Metz GmbH & Co. KGaA,2022-08-13,XC-7,L,16,23013.80000,YP-1654-44013
East Candace,935,Eigenwillig AG,"06/05/2023, 00:00:00",APU-12,light,43,19638.80000,GB-7590-33535
Lisastad,936,Cameron-Smith,"11/19/2017, 00:00:00",APU-20,3,110,4261.80000,UZ-7696-55163
Jenniferton,937,Gomez-Anderson,2017/05/03,APU-20,light,37,16436.00000,VB-2781-26154
Miranda do Douro,938,Schenk,24 Nov 2019,APU-12,heavy,99,25104.70000,VC-6349-53809
Peso da Régua,939,Leal S/A,02 Jan 2022,APU-12, L ,9,17298.00000,IB-7084-86979
Genthin,940,Johann GmbH,2018/04/23,APU-15,heavy,63,23379.10000,FC-6134-60498
Wittstock,941,Smith-Scott,2020/12/05,APU-20,H,88,10702.90000,WT-6006-47750
South Amyport,942,"Barnes, Ross and Hurst",2023/01/31,APU-12,normal,74,10697.80000,IN-5787-23780
North Maria,943,Leal S/A,2020-12-07,APU-15,2,70,13183.30000,ZO-5990-38731
Peso da Régua,944,Melo,2018/01/17,XC-7,light,19,11516.80000,XM-4277-96833
South Amyport,945,Sousa,19 Dec 2020,APU-15,2,39,5099.20000,GF-9763-07207
Odivelas,946,Johnson PLC,"07/01/2018, 00:00:00",APU-20,2,97,23954.20000,UU-5138-13760
Santo Tirso,947,Olson-Wyatt,22 Jan 2021,APU-15,light,12,19320.40000,HZ-3174-89274
Nicholsburgh,948,Gude GmbH,2019/06/20,APU-12,N,51,,LT-2121-97287
East Candace,949,Phillips PLC,2019-08-29,APU-15,L,36,9470.10000,ZQ-0644-99857
Waltonport,950,Melo,24 Jul 2022,XC-7,N,45,6683.00000,KY-8385-51832
Lisastad,951,Melo,2018/12/30,APU-15,light,11,,IP-4489-59649
East Candace,952,Morais,22 Feb 2021,XC-7,heavy,6,10433.70000,OO-3044-11057
Bad Kissingen,953,Phillips PLC,2024/05/16,APU-12, light ,15,7325.70000,KR-0177-12080
West Lisa,954,Wagenknecht,2021/04/08,APU-20,heavy,95,26003.00000,PH-3232-87748
Ludwigslust,955,Metz GmbH & Co. KGaA,2015-11-05,APU-15,heavy,107,14511.80000,GE-7355-65140
Sebnitz,956,Ramos,2016/10/19,APU-15,L,18,16570.90000,CT-3033-31243
South Amyport,957,Schenk,2018/02/22,APU-12,L,11,6128.80000,AW-4766-59100
Aachen,958,Wagner,"07/14/2019, 00:00:00",APU-20,2,47,3891.90000,CX-9258-73247
Loulé,959,"Pierce, Fuller and Lester","01/20/2017, 00:00:00",APU-15,med,78,15197.00000,ET-5072-34085
Port Kevin,960,Leal S/A,2015-04-23,XC-7,L,1,3895.40000,QZ-5960-39553
Freising,961,Riehl Zahn GmbH & Co. OHG,2016/08/25,APU-12,light,9,12308.30000,ST-9571-63952
Angra do Heroísmo,962,Lozano-Nguyen,17 Apr 2016,APU-15,light,73,13644.10000,AP-4072-84896
Angra do Heroísmo,963,Smith-Scott,2023/02/09,XC-7, L ,107,,ZR-3323-22577
North Roberttown,964,Möchlichen,2015-06-26,APU-12,heavy,114,5416.60000,WG-6690-77273
Loulé,965,Wirth Mende GmbH & Co. KG,2022/08/18,APU-15,N,77,7095.80000,VH-9144-62943
Aachen,966,Smith-Scott,2016/09/16,APU-12,light,17,11622.10000,ZA-1564-33118
Mccormickborough,967,Riehl Zahn GmbH & Co. OHG,03 May 2016,APU-20,med,40,11844.50000,IK-1259-69932
Loulé,968,Melo,2015-02-06,APU-20,3,92,23228.90000,AL-2853-19852
Mccormickborough,969,Gaspar Ferreira S.A.,"03/03/2020, 00:00:00",XC-7,normal,53,11779.60000,JN-6808-82043
Jasminebury,970,Pinto,05 May 2024,XC-7,3,100,8368.20000,EV-4438-26686
Porto Santo,971,"Barnes, Ross and Hurst","05/24/2021, 00:00:00",APU-12,L,4,7237.80000,TR-4142-55783
Sebnitz,972,Metz GmbH & Co. KGaA,2016/02/23,XC-7,H,27,7352.00000,ZO-7301-64476
East Zachary,973,Johnson PLC,"01/16/2016, 00:00:00",APU-20,H,83,12576.70000,YC-8137-13066
Jenniferton,974,Leal S/A,2024-09-25,APU-15,2,55,29383.50000,NB-1270-45637
Santarém,975,Gaspar Ferreira S.A.,"12/30/2016, 00:00:00",APU-12,3,50,6904.40000,PD-5668-84818
Port Kevin,976,"Barnes, Ross and Hurst",13 Feb 2023,XC-7,L,103,5264.10000,LJ-7576-65263
Waltonport,977,Johann GmbH,2018/03/10,XC-7,3,104,19126.10000,KX-3974-43626
Setúbal,978,Phillips PLC,"02/27/2023, 00:00:00",APU-20,light,17,27251.20000,JD-6008-54078
Ludwigslust,979,Silva,2015-09-09,XC-7,normal,50,10811.00000,IE-1043-94219
Genthin,980,Jähn,15 Apr 2018,XC-7,H,104,11090.40000,YU-3892-13938
Gouveia,981,Eigenwillig AG,2020/03/13,APU-15,N,49,15164.10000,ZY-0925-33351
Adamstad,982,"Barnes, Ross and Hurst",23 Apr 2024,APU-15,med,82,9633.60000,YI-2277-22560
Mccormickborough,983,Henriques S/A,2022-02-28,APU-15,2,54,5577.60000,EC-3627-11963
Loulé,984,Olson-Wyatt,2024-03-14,APU-15,light,1,25033.50000,FF-3765-75118
Vila Nova de Foz Côa,985,Antunes,28 Oct 2022,APU-15,heavy,90,17994.50000,PV-0591-09956
Neu-Ulm,986,Henriques S/A,2016-01-11,APU-15,L,38,15514.70000,PQ-3447-05265
Salazarville,987,Gaspar Ferreira S.A.,2024/01/27,APU-15,normal,25,3309.50000,DB-5050-23419
Grevenbroich,988,Wirth Mende GmbH & Co. KG,2021/01/11,APU-12,N,71,11517.10000,VR-8793-72309
Waltonport,989,Morais,2022-08-24,XC-7,L,4,14077.70000,LH-0320-74369
Odivelas,990,Smith-Scott,2022-12-27,APU-12,heavy,87,16850.30000,KH-8524-61665
Nicholsburgh,991,Silva,"04/10/2021, 00:00:00",APU-20,3,59,11795.30000,OH-0368-92031
Ludwigslust,992,Silva,2017/09/01,APU-15,1,35,15496.80000,BR-1723-87444
North Maria,993,Schenk,2020-11-28,APU-20,N,66,11025.80000,RB-0048-61990
South Amyport,994,Cameron-Smith,"11/17/2023, 00:00:00",APU-20,1,44,3582.60000,UJ-9051-81189
Dianastad,995,Jähn,"02/11/2021, 00:00:00",XC-7,2,111,20030.80000,TU-0091-53584
Miltenberg,996,Leal S/A,24 Jul 2016,XC-7,med,23,11574.60000,ZA-4953-09398
Adamstad,997,Metz GmbH & Co. KGaA,2017/12/17,APU-20,H,81,7182.20000,JN-7124-48113
Kellychester,998,Wiek GmbH & Co. KG,2018/01/23,APU-12,2,79,11470.30000,HR-7057-34490
Dresden,999,Mendes e Filhos,2017/06/03,APU-12,2,88,9298.40000,YY-0861-49419
Tomar,1000,Smith-Scott,"04/15/2023, 00:00:00",APU-15,H,87,18711.00000,IP-8961-95805
Odivelas,1001,Melo,2019-05-05,APU-20,N,53,33594.20000,WA-1252-36913
Grevenbroich,1002,Schenk,"10/05/2015, 00:00:00",XC-7,L,69,45000.00000,NG-4472-81156
Cartaxo,1003,Morais,03 Jun 2018,APU-15,light,17,8979.90000,RX-2638-05225
Neu-Ulm,1004,Riehl Zahn GmbH & Co. OHG,"12/22/2016, 00:00:00",APU-20,N,56,7204.10000,PD-6281-39558
Dianastad,1005,Gaspar Ferreira S.A.,"10/27/2018, 00:00:00",APU-20,light,16,9416.70000,RE-5285-55181
North Kimberly,1006,Sousa,19 Jun 2017,XC-7,3,100,14665.20000,YM-9935-12823
East Zachary,1007,Phillips PLC,"04/15/2017, 00:00:00",XC-7,1,22,9587.60000,JB-2592-76600
New Shane,1008,Phillips PLC,05 May 2017,APU-12,normal,40,4791.50000,IH-4697-42808
Burg,1009,Branco S/A,"02/11/2021, 00:00:00",XC-7,1,110,,DB-2655-74113
Odivelas,1010,Henriques S/A,2017/09/20,APU-12,normal,59,,UF-5796-70397
Lake Kevin,1011,Karz KG,2023-06-21,APU-12,2,75,27354.20000,CH-2609-06843
South Amyport,1012,"Pierce, Fuller and Lester",2015/11/03,APU-12,L,39,8014.40000,HQ-3234-11405
Neu-Ulm,1013,Riehl Zahn GmbH & Co. OHG,"11/30/2024, 00:00:00",APU-15,H,88,18197.60000,FN-4275-24282
Nicholsburgh,1014,"Barnes, Ross and Hurst",2024/01/22,APU-12,N,42,20159.00000,WH-4075-41757
West Lisa,1015,Wirth Mende GmbH & Co. KG,2021/07/09,APU-12,H,117,12396.80000,YU-7294-70843
Peso da Régua,1016,Smith-Scott,"10/11/2018, 00:00:00",APU-12,N,40,18453.00000,LF-3074-62349
Winterston,1017,Wagner,2016/02/20,APU-12, light ,11,11656.10000,AS-9141-29152
North Roberttown,1018,Wiek GmbH & Co. KG,"02/18/2019, 00:00:00",APU-12,N,72,19746.50000,SS-5725-49671
Mccormickborough,1019,Wirth Mende GmbH & Co. KG,2022/10/09,APU-15,1,32,10325.90000,GZ-4342-25263
Odivelas,1020,Wagenknecht,"02/15/2015, 00:00:00",XC-7,normal,57,13298.10000,GA-2074-55356
Peso da Régua,1021,Melo,2017-01-17,APU-12,N,44,9533.50000,GI-9721-74966
Jenniferton,1022,Jähn,05 Apr 2016,APU-15,1,27,6544.60000,XF-3678-43592
Kellychester,1023,Schenk,06 Apr 2024,APU-20,H,69,20027.80000,CW-8929-08437
Grevenbroich,1024,Wiek GmbH & Co. KG,"06/08/2024, 00:00:00",APU-20,normal,71,9836.00000,JA-0215-06494
Lippstadt,1025,Karz KG,2023/03/17,APU-15,heavy,81,,JP-5688-35756
West Lisa,1026,Metz GmbH & Co. KGaA,"07/18/2016, 00:00:00",XC-7,2,66,5525.20000,II-8373-19801
South Amyport,1027,Möchlichen,2018-06-26,XC-7,light,34,,AG-4717-69052
Thomasland,1028,Branco S/A,"12/12/2024, 00:00:00",APU-20,3,91,25018.60000,IA-7006-41935
Kellychester,1029,Wagner,30 May 2020,APU-12,L,51,5521.90000,YK-3211-39885
Wittstock,1030,Lima,2020/06/15,APU-12,heavy,83,,GE-5265-41092
Aachen,1031,Pinto,"06/11/2019, 00:00:00",XC-7,N,50,9063.30000,RP-7141-35407
Ludwigslust,1032,Gomez-Anderson,"02/26/2024, 00:00:00",XC-7,N,66,11283.50000,NY-5229-66345
Adamstad,1033,Johann GmbH,"12/19/2019, 00:00:00",APU-20,N,113,12652.50000,CP-4951-92346
Aachen,1034,Schenk,"05/30/2020, 00:00:00",APU-15,2,43,13088.40000,RK-3431-64802
Wittstock,1035,Sousa,"08/19/2015, 00:00:00",XC-7,1,25,22081.90000,WB-6637-72743
Mccormickborough,1036,Smith-Scott,2021/05/04,APU-20,med,57,10945.90000,VS-9151-67862
Wittstock,1037,Mendes e Filhos,31 Dec 2022,XC-7,3,96,7496.10000,NR-6902-50076
Lippstadt,1038,"Pierce, Fuller and Lester",03 Feb 2016,APU-12, L ,41,27227.70000,CU-2531-14376
Salazarville,1039,Henriques S/A,2020-03-09,APU-12,N,75,6197.20000,CK-0179-00895
North Kimberly,1040,"Barnes, Ross and Hurst","02/19/2018, 00:00:00",XC-7,med,72,20196.90000,QO-7024-16551
Winterston,1041,Wähner,2017-11-01,APU-15,2,55,6019.70000,YS-8702-88087
Porto Santo,1042,Lima,"01/23/2020, 00:00:00",APU-15,normal,104,,YN-9150-10058
Setúbal,1043,Wiek GmbH & Co. KG,2024/11/06,APU-15,1,38,15279.80000,VT-8725-43105
Lippstadt,1044,Cameron-Smith,2024/07/11,XC-7,L,0,21740.00000,PD-2912-30166
Vila Nova de Santo André,1045,Karz KG,2021-11-28,APU-20, L ,2,8378.40000,MI-2853-71928
Lake Kevin,1046,Mendes e Filhos,2022/02/10,APU-15,2,43,10424.80000,RG-6014-30654
South Melissaside,1047,Mendes e Filhos,2020/09/28,XC-7,1,28,4116.50000,HF-7860-42467
Wittstock,1048,Karz KG,13 Aug 2017,APU-12,1,25,8242.60000,SO-6329-54432
Burg,1049,Sousa,2022-08-15,APU-15,H,86,34665.80000,CF-7787-48464
South Amyport,1050,Antunes,2023/05/02,APU-15,med,5,2371.20000,RR-0685-75853
Salazarville,1051,Wagenknecht,2019/10/02,APU-20,H,88,4648.10000,VI-1101-87549
Wittstock,1052,Ribeiro,2024/04/29,APU-20,2,83,,JF-2476-94234
Mirandela,1053,Silva,"12/03/2022, 00:00:00",APU-12,heavy,106,8153.00000,EF-2793-89623
Santo Tirso,1054,Duncan-Brown,"06/04/2022, 00:00:00",APU-15, 3 ,108,6239.00000,CR-2877-68777
Lisastad,1055,Pinto,02 Aug 2020,APU-12,L,67,18220.50000,BC-0022-39262
Lake Kevin,1056,Pinto,2015-08-08,XC-7, L ,72,14543.90000,NC-6961-95788
Dresden,1057,Branco S/A,13 Oct 2018,APU-15,2,114,18193.60000,ON-7919-35365
North Kimberly,1058,Silva,"12/17/2023, 00:00:00",APU-20,light,31,15499.20000,FH-1953-28922
Loulé,1059,Olson-Wyatt,02 May 2017,XC-7,1,14,9568.90000,FU-0555-95985
Kellychester,1060,Antunes,17 May 2023,APU-20,2,27,6977.90000,ND-6242-12277
Gouveia,1061,Wirth Mende GmbH & Co. KG,30 Nov 2023,XC-7,light,31,4003.90000,NY-2274-65509
Aachen,1062,Pinto,28 Dec 2020,APU-15,light,101,5212.50000,QI-9118-08694
North Roberttown,1063,"Pierce, Fuller and Lester",2018/12/01,APU-12,H,119,5842.70000,XI-1054-05634
North Kimberly,1064,Smith-Scott,"05/31/2016, 00:00:00",APU-15,med,48,15989.20000,MB-6693-57954
Waltonport,1065,Ortiz Inc,2024-04-22,APU-15,L,7,8764.80000,SQ-4185-19583
Kellychester,1066,Johnson PLC,02 Jan 2017,APU-12,3,80,4383.60000,RS-6978-35069
Adamstad,1067,Duncan-Brown,2021-11-21,XC-7,1,23,14907.90000,FU-1849-28365
Santo Tirso,1068,"Barnes, Ross and Hurst",2022/02/18,XC-7,N,71,5806.50000,YJ-6296-18051
Mirandela,1069,Mendes e Filhos,2018/01/10,APU-12,med,118,7019.70000,CK-2721-49219
Port Kevin,1070,Johann GmbH,"11/22/2022, 00:00:00",APU-20, heavy ,105,8964.70000,IX-1533-33749
Aachen,1071,Lozano-Nguyen,2024/10/16,APU-20,1,24,5100.60000,ND-0763-27140
Santo Tirso,1072,Cameron-Smith,09 Oct 2020,APU-20,1,90,8697.10000,LA-6116-72093
Artern,1073,Smith-Scott,"03/26/2018, 00:00:00",APU-15,normal,80,6467.70000,PG-8927-45823
Mirandela,1074,Gude GmbH,05 Nov 2017,APU-15,med,53,22818.20000,QK-9537-85451
Neu-Ulm,1075,Wirth Mende GmbH & Co. KG,"04/24/2021, 00:00:00",APU-15,light,11,16823.90000,PW-4364-55178
Peso da Régua,1076,Lozano-Nguyen,2019/09/16,XC-7,light,29,5733.80000,VO-7653-19682
Jenniferton,1077,Henriques S/A,2020/05/26,APU-12,N,67,7563.40000,OL-1171-35163
Burg,1078,Jähn,02 Feb 2021,APU-15, L ,25,9005.60000,BW-9227-10748
Lake Kevin,1079,Ribeiro,"09/28/2020, 00:00:00",APU-12,3,97,7113.10000,RT-6726-09420
South Amyport,1080,Eigenwillig AG,2021-01-23,APU-12,2,59,15273.70000,TE-9455-88594
Mccormickborough,1081,Gude GmbH,27 Oct 2016,APU-15,L,24,8725.90000,FD-7110-00215
Neu-Ulm,1082,Johnson PLC,2015/09/14,APU-15,1,6,11927.40000,KZ-9674-73660
South Melissaside,1083,Ribeiro,20 Oct 2020,APU-20,L,1,20205.20000,FS-5963-11944
Setúbal,1084,Leal S/A,2015-03-31,APU-15,1,22,7661.60000,GF-3334-59371
Waltonport,1085,Antunes,2022-12-11,XC-7,1,1,8486.50000,RT-6045-65192
Bad Kissingen,1086,Wagenknecht,2016/06/12,APU-15, light ,5,7366.70000,ZB-3291-62452
Cartaxo,1087,"Barnes, Ross and Hurst",2022/12/18,APU-15,med,81,9530.60000,AT-4371-86010
Kellychester,1088,"Pierce, Fuller and Lester","11/02/2019, 00:00:00",XC-7,L,0,7355.20000,LE-5324-87552
Vila Nova de Santo André,1089,Cameron-Smith,2019/12/02,APU-20,H,107,14836.00000,HR-2573-27307
Devinview,1090,Melo,2016-01-03,APU-20, L ,119,8004.80000,UD-2828-41149
Bad Kissingen,1091,Ramos,2022-09-08,APU-20,light,52,15410.20000,MG-2732-24135
Hofgeismar,1092,Ribeiro,"01/18/2018, 00:00:00",APU-15,light,53,10384.80000,GF-3739-07903
Thomasland,1093,Ortiz Inc,2019-02-11,APU-12,L,20,15032.80000,GL-7923-79635
Port Kevin,1094,Schenk,23 Dec 2021,XC-7,heavy,81,23472.00000,OR-1061-73683
North David,1095,Lozano-Nguyen,2016/07/09,APU-12,3,85,26697.10000,DC-6769-47532
Jasminebury,1096,"Pierce, Fuller and Lester",2022/07/18,XC-7, 2 ,56,13049.40000,ML-5680-40025
Miranda do Douro,1097,Wiek GmbH & Co. KG,"12/10/2017, 00:00:00",APU-12,L,26,16220.00000,LV-4066-05383
Vila Nova de Santo André,1098,Wähner,2024/08/09,APU-20,N,67,17347.90000,VM-0031-45330
Hofgeismar,1099,Wagner,03 Oct 2017,XC-7,H,30,9332.80000,PM-9358-34016
Nicholsburgh,1100,Leal S/A,2017/10/12,APU-15,heavy,80,19156.80000,ZZ-9188-57862
East Candace,1101,Schenk,03 Oct 2023,APU-15,heavy,116,35714.20000,QR-0099-79390
Mirandela,1102,Antunes,13 May 2016,APU-20,N,51,18551.60000,XQ-8908-53197
Santarém,1103,Branco S/A,14 Nov 2020,APU-15,1,53,10293.80000,JS-6962-69462
Hofgeismar,1104,"Pierce, Fuller and Lester","02/21/2023, 00:00:00",APU-20,light,18,11089.00000,CO-9118-50941
Mccormickborough,1105,Silva,28 Dec 2022,XC-7,H,83,19312.80000,NZ-5930-60098
Cartaxo,1106,Morais,2015-08-21,APU-20,L,0,20680.90000,NR-8870-33893
Jasminebury,1107,Karz KG,2016-06-13,APU-20,normal,68,7407.10000,LX-2492-23935
East Zachary,1108,Lima,"07/23/2015, 00:00:00",APU-20, 1 ,12,18685.60000,HW-9445-29994
Waltonport,1109,Ortiz Inc,2015/08/03,APU-20,2,47,11517.20000,VD-0349-09719
Santo Tirso,1110,Gude GmbH,04 Sep 2023,APU-12,L,114,7276.70000,TQ-4206-49648
Wittstock,1111,Ribeiro,2022-11-20,APU-15,L,26,5480.00000,IR-8758-28680
Angra do Heroísmo,1112,Cameron-Smith,"08/03/2021, 00:00:00",APU-15, L ,22,17148.40000,SU-9173-44902
Angra do Heroísmo,1113,Wagenknecht,03 Oct 2016,XC-7,1,7,15058.50000,RR-5574-06188
Miltenberg,1114,Pinto,2019/02/15,APU-20, N ,64,9941.10000,DQ-1374-47554
North Maria,1115,Jähn,30 Aug 2017,APU-20,L,24,,XY-8253-86206
Lake Kevin,1116,Henriques S/A,2024/04/06,APU-12,3,95,10277.30000,KJ-1478-65303
Genthin,1117,Wähner,2023-09-05,APU-20, 3 ,91,27467.00000,ZH-0736-46753
Bad Kissingen,1118,Ribeiro,2015/09/10,APU-20,H,117,11419.70000,CE-9265-14691
Genthin,1119,Ortiz Inc,"05/10/2017, 00:00:00",APU-15,normal,72,,GG-3594-84243
North Roberttown,1120,Jähn,2022/10/24,APU-20,light,75,12968.10000,MF-7357-65339
Burg,1121,Lima,2016/04/18,APU-20,3,114,14803.80000,LH-8835-63245
Fergusonport,1122,Sousa,2016/01/06,APU-15,light,33,7378.00000,XR-9172-57996
Mirandela,1123,Johnson PLC,10 Sep 2016,APU-12,light,27,28454.70000,BB-7656-82812
Peso da Régua,1124,Metz GmbH & Co. KGaA,27 Mar 2023,APU-15,heavy,95,14672.70000,YR-9582-21329
Vila Nova de Foz Côa,1125,Mendes e Filhos,14 Jul 2020,APU-20,3,102,5428.20000,VQ-0973-45921
Sebnitz,1126,Sousa,"02/22/2021, 00:00:00",APU-15,1,6,5445.60000,JV-4442-59608
Lippstadt,1127,Eigenwillig AG,2021/11/21,APU-12,N,66,12693.40000,ZW-0122-15155
East Zachary,1128,Pinto,"11/14/2016, 00:00:00",APU-12,1,25,27180.50000,TS-2735-93995
Lake Kevin,1129,Sousa,2017/07/07,APU-12, med ,58,4271.80000,VH-0217-05363
Freising,1130,Mendes e Filhos,2018-02-12,XC-7,light,25,5449.60000,TD-4365-00842
Hofgeismar,1131,"Barnes, Ross and Hurst",2017-02-05,APU-12,L,33,5682.70000,VH-5170-07306
Adamstad,1132,Riehl Zahn GmbH & Co. OHG,18 Nov 2020,APU-20,2,45,6731.60000,WB-9628-10573
Lake Kevin,1133,Wirth Mende GmbH & Co. KG,"09/18/2022, 00:00:00",APU-15,2,47,8058.60000,OQ-7929-96424
Odivelas,1134,Ribeiro,"09/18/2024, 00:00:00",APU-20,L,20,11786.30000,FF-5299-60077
Santo Tirso,1135,"Barnes, Ross and Hurst","11/26/2019, 00:00:00",XC-7, L ,34,8098.80000,CF-3762-92553
Peso da Régua,1136,Sousa,28 Aug 2022,APU-15,N,60,17728.80000,KO-8747-40992
Vila Nova de Santo André,1137,Lozano-Nguyen,2019/03/12,APU-15,heavy,112,11875.80000,SN-3137-89007
Nicholsburgh,1138,Sousa,2016/07/06,XC-7,2,75,3779.90000,VI-0562-48315
Jasminebury,1139,Johnson-Sanchez,08 Feb 2019,APU-12,L,13,6753.50000,UU-4251-38627
Gouveia,1140,Karz KG,2020-12-07,APU-20,med,74,6397.80000,EY-8905-39185
South Amyport,1141,Schenk,23 Jun 2021,APU-15,H,92,10391.40000,SB-5473-06138
East Candace,1142,Schenk,2017-06-28,APU-15, light ,23,45000.00000,YB-2528-37096
Salazarville,1143,Ramos,2017-12-22,APU-20,normal,62,3296.00000,LH-6104-17513
East Zachary,1144,Möchlichen,10 Jul 2017,APU-15,N,47,10982.10000,XZ-3605-89521
Tomar,1145,Mendes e Filhos,"07/22/2015, 00:00:00",XC-7,L,15,,PH-9872-71753
Lisastad,1146,Wagenknecht,2015-04-01,APU-15,normal,54,25661.70000,RY-8295-52894
Miranda do Douro,1147,Eigenwillig AG,09 Jun 2017,APU-20,L,46,11862.80000,MV-5192-88611
Hofgeismar,1148,Riehl Zahn GmbH & Co. OHG,2023-09-05,APU-15,light,55,5820.10000,EI-3270-08707
Goslar,1149,Lozano-Nguyen,2016/02/13,APU-20,med,66,31201.70000,IC-3881-68745
North Maria,1150,Wagenknecht,2019/12/03,APU-15,heavy,102,8472.20000,HP-2940-05864
Cartaxo,1151,Ramos,"11/08/2024, 00:00:00",XC-7,L,37,18770.80000,IM-3432-82260
Setúbal,1152,Henriques S/A,2024/10/10,XC-7,light,34,7268.90000,GN-8295-90275
Miltenberg,1153,Melo,2022/02/08,APU-15,2,43,14058.30000,BH-4763-31509
Nicholsburgh,1154,Johnson-Sanchez,"01/22/2017, 00:00:00",APU-20,3,116,7302.70000,VM-9071-98155
North David,1155,Leal S/A,"02/02/2018, 00:00:00",APU-15,1,5,13410.50000,JN-9559-88020
Devinview,1156,Morais,"05/06/2024, 00:00:00",APU-15,light,90,12017.20000,RL-7245-16210
Lisastad,1157,Morais,"04/27/2021, 00:00:00",APU-15,L,34,12424.70000,ZZ-2160-91986
Thomasland,1158,Karz KG,2017-03-25,APU-12,3,95,15687.60000,EU-2386-38965
Kellychester,1159,Wirth Mende GmbH & Co. KG,16 Dec 2022,XC-7,3,100,10896.70000,CY-3638-44015
Porto Santo,1160,Karz KG,16 Dec 2022,APU-12,med,6,17273.50000,AE-5704-47676
Miltenberg,1161,Wähner,"04/04/2019, 00:00:00",APU-15,L,108,17771.60000,GJ-6082-91340
Fergusonport,1162,Olson-Wyatt,2019-08-14,APU-12,normal,71,13030.20000,IL-2744-31220
Miltenberg,1163,Wähner,2020-11-07,XC-7, L ,113,12036.70000,HA-0682-84246
Bad Kissingen,1164,Sousa,21 May 2017,APU-20,light,30,10254.70000,ZP-6403-24365
Tomar,1165,Johnson-Sanchez,2024/01/22,APU-12,L,96,5557.10000,YA-1776-78987
Burg,1166,Karz KG,2016/10/13,APU-15,normal,74,14714.90000,IR-0212-16649
New Shane,1167,Ribeiro,11 Aug 2017,APU-15,1,14,6494.30000,AH-6011-81936
Hofgeismar,1168,Antunes,06 Jun 2024,APU-15,3,108,10747.00000,WV-3418-79163
North Kimberly,1169,Johnson-Sanchez,2024/12/18,APU-15,H,110,13405.80000,MB-3735-06096
Dianastad,1170,Henriques S/A,26 Feb 2019,XC-7,L,8,9153.70000,FU-7518-82554
Lake Kevin,1171,"Pierce, Fuller and Lester",10 Dec 2018,APU-12,H,85,7845.30000,JM-9887-14278
Lisastad,1172,Gaspar Ferreira S.A.,"07/29/2017, 00:00:00",XC-7,heavy,62,4960.60000,MZ-7023-07803
East Candace,1173,Smith-Scott,"07/18/2022, 00:00:00",APU-12,1,52,29945.90000,QT-1472-83207
Waltonport,1174,Ramos,04 Sep 2020,APU-15,L,35,2122.30000,XQ-6977-32135
Porto Santo,1175,Riehl Zahn GmbH & Co. OHG,"05/30/2019, 00:00:00",APU-12,heavy,102,9346.10000,CA-5202-79338
Jenniferton,1176,Phillips PLC,2020-09-04,APU-20,1,13,13649.50000,AT-0386-35042
Peso da Régua,1177,Karz KG,2017/03/05,APU-12,normal,63,11587.50000,LC-4137-52788
Vila Nova de Santo André,1178,Cameron-Smith,2023/11/08,XC-7,med,76,11905.00000,FG-6559-38772
Lisastad,1179,Mendes e Filhos,2022/12/07,APU-20, 1 ,18,7206.60000,TU-9802-44597
New Shane,1180,Morais,2015-07-10,APU-20,light,100,17350.20000,LN-6252-50470
East Zachary,1181,Ramos,"01/09/2015, 00:00:00",XC-7,L,46,30033.70000,KG-9608-11902
Setúbal,1182,Gude GmbH,"06/12/2017, 00:00:00",APU-15, light ,27,24036.10000,PY-8985-69454
Adamstad,1183,Lima,2020/05/28,APU-20, 1 ,17,3373.70000,WO-7853-96568
Devinview,1184,Johnson PLC,2018-12-04,APU-15,heavy,107,4107.00000,AS-5014-89302
Devinview,1185,Gomez-Anderson,"03/11/2023, 00:00:00",APU-20,1,11,23373.00000,CB-8031-09638
Kellychester,1186,Pinto,06 Oct 2023,APU-12,L,1,29407.20000,ZM-4478-35929
Gouveia,1187,Cameron-Smith,2019/09/21,XC-7,2,75,9309.40000,HH-5760-67060
Kellychester,1188,"Barnes, Ross and Hurst",2019/02/18,XC-7,med,105,2200.60000,HB-9423-64331
East Candace,1189,Wähner,"12/25/2017, 00:00:00",APU-12,N,57,20633.80000,XD-4303-09481
Fergusonport,1190,Wagenknecht,"01/26/2022, 00:00:00",APU-12,med,76,5631.20000,KL-6649-58707
Miranda do Douro,1191,Johnson-Sanchez,24 Nov 2017,APU-15, 2 ,10,4356.20000,MF-8129-36886
Odivelas,1192,Gude GmbH,2015-04-30,XC-7,med,65,23086.20000,TU-7364-23712
Vila Nova de Santo André,1193,Ortiz Inc,2022/07/20,APU-15,L,54,18452.70000,QM-0415-30248
Saulgau,1194,Cameron-Smith,"12/15/2021, 00:00:00",APU-20,L,32,8013.50000,AU-6474-57252
Gouveia,1195,Mendes e Filhos,27 Nov 2016,APU-15, L ,39,22087.40000,KT-0694-79547
Kellychester,1196,Duncan-Brown,"05/01/2018, 00:00:00",XC-7, L ,27,9229.00000,XB-0011-23446
Santo Tirso,1197,Gude GmbH,27 Sep 2017,APU-12,H,106,34535.00000,GL-1171-75699
Mccormickborough,1198,Johnson PLC,2018-05-28,APU-12,normal,81,18370.00000,VB-6647-71136
Nicholsburgh,1199,Melo,10 Apr 2018,XC-7,L,10,12743.40000,EI-8830-44964
North Maria,1200,Lozano-Nguyen,"06/15/2024, 00:00:00",APU-12,N,47,5783.00000,WF-4696-72652
Winterston,1201,Karz KG,2021/09/13,APU-15,2,47,17316.60000,QD-9234-83574
North David,1202,Lozano-Nguyen,"07/15/2024, 00:00:00",XC-7,med,50,8733.10000,LD-8342-40867
Peso da Régua,1203,Wirth Mende GmbH & Co. KG,"10/30/2015, 00:00:00",APU-15,light,67,7616.90000,ET-0222-11470
West Lisa,1204,Jähn,2015-08-22,APU-12,2,66,11451.90000,TO-1323-53326
North Roberttown,1205,Morais,2017-01-21,APU-15,normal,74,2109.50000,QG-8274-33472
Setúbal,1206,Riehl Zahn GmbH & Co. OHG,10 Jul 2018,XC-7,H,12,5301.80000,KB-0568-39259
Mccormickborough,1207,Leal S/A,2021-07-15,APU-12,light,91,,HP-0820-22369
Hofgeismar,1208,Antunes,2015-09-23,APU-15,3,86,7025.30000,XN-4509-67481
Mccormickborough,1209,Antunes,25 Feb 2022,APU-12,light,116,7067.30000,BO-1844-67525
Miltenberg,1210,Gude GmbH,"07/06/2017, 00:00:00",APU-20,1,19,15996.60000,KS-6126-39451
Saulgau,1211,Möchlichen,13 Apr 2019,XC-7,H,90,13610.00000,BF-0546-10309
Mirandela,1212,Henriques S/A,"02/27/2020, 00:00:00",XC-7,heavy,87,,ST-0994-16736
Goslar,1213,Pinto,2023-12-25,APU-15,H,108,5834.70000,XK-0045-49896
Vila Nova de Santo André,1214,Gude GmbH,2019-08-16,APU-20,heavy,71,7565.80000,GO-8665-36937
West Lisa,1215,Johnson-Sanchez,"09/04/2017, 00:00:00",APU-15,3,118,45000.00000,BN-9377-39443
Lippstadt,1216,Sousa,2019-11-18,APU-15, 2 ,61,8610.30000,DC-0188-34336
Ludwigslust,1217,Olson-Wyatt,31 Jul 2023,APU-20,1,4,5761.30000,GE-5404-25736
Santo Tirso,1218,Gaspar Ferreira S.A.,2018-02-16,APU-15,3,30,15993.40000,GD-9720-64306
Jasminebury,1219,"Barnes, Ross and Hurst",17 May 2015,APU-15,N,42,10937.40000,WW-2942-76864
Artern,1220,"Pierce, Fuller and Lester",2024/12/14,APU-12, heavy ,86,7188.60000,WM-1637-94106
Lake Loriberg,1221,Johann GmbH,"08/24/2024, 00:00:00",APU-15,3,117,10503.00000,EH-6483-13786
Odivelas,1222,Lima,2024/01/31,APU-15,H,97,7917.80000,JM-4200-44323
Dianastad,1223,Metz GmbH & Co. KGaA,22 Jan 2018,APU-15,2,48,4229.90000,BT-5398-32318
Aachen,1224,Ortiz Inc,19 Feb 2020,APU-12,med,7,9020.30000,HJ-5188-34889
Lippstadt,1225,Johnson-Sanchez,05 May 2018,APU-15,L,4,11111.60000,LY-4255-88989
Cartaxo,1226,Branco S/A,03 May 2024,APU-20,light,19,6384.30000,EI-5644-70684
Cartaxo,1227,Ramos,2023-11-01,APU-15,2,41,10181.70000,PM-6001-56352
South Amyport,1228,Pinto,09 Jul 2018,APU-15,light,101,7501.60000,NL-8098-91673
Mccormickborough,1229,Gaspar Ferreira S.A.,07 Jun 2019,XC-7,1,90,5280.40000,HL-9625-03935
Vila Nova de Santo André,1230,Antunes,2019-01-31,APU-12,N,58,18891.80000,JB-5086-51986
Dresden,1231,Henriques S/A,2015/12/18,APU-20,heavy,83,32153.10000,ZF-2838-49176
Mccormickborough,1232,"Pierce, Fuller and Lester",2023/10/03,APU-20,1,23,6721.20000,CU-7953-81073
Port Kevin,1233,"Barnes, Ross and Hurst",2017/12/19,APU-12, heavy ,82,,NX-3891-85839
Fergusonport,1234,Mendes e Filhos,2018-02-07,APU-15,L,15,7638.10000,XZ-8014-67140
Neu-Ulm,1235,Johnson PLC,2015/05/24,APU-12,N,114,4736.70000,II-6484-80856
Santo Tirso,1236,Wagenknecht,2017/01/08,APU-20,3,111,9932.60000,LT-2006-58704
Miranda do Douro,1237,Smith-Scott,2019-02-04,APU-12,N,41,20074.00000,VP-0671-26735
Gouveia,1238,Johnson PLC,"02/16/2023, 00:00:00",APU-12,heavy,116,14210.70000,OU-5390-59130
Port Kevin,1239,Wähner,2021/03/23,APU-12,L,39,5958.10000,OA-1402-21464
Santarém,1240,Gude GmbH,"09/05/2024, 00:00:00",XC-7,1,11,5877.30000,TC-0776-40840
South Amyport,1241,Wiek GmbH & Co. KG,2017/05/23,XC-7, L ,0,8239.10000,SH-5538-66566
Mirandela,1242,Wirth Mende GmbH & Co. KG,2020/01/06,APU-15, med ,71,,PB-1941-34952
Adamstad,1243,Lozano-Nguyen,2023-03-01,APU-15, 1 ,10,13645.80000,NP-6666-76152
Vila Nova de Santo André,1244,Henriques S/A,2019/02/06,APU-20,3,47,14916.60000,CW-4745-19281
North Maria,1245,Johnson PLC,"02/19/2016, 00:00:00",XC-7,H,82,6738.20000,PP-5339-84915
Mirandela,1246,Gude GmbH,2023-01-14,APU-12,2,50,15139.60000,BH-2255-52105
Grevenbroich,1247,Wähner,2016/11/09,APU-20,L,38,44303.30000,XB-7552-19796
East Zachary,1248,"Barnes, Ross and Hurst",15 Jun 2019,APU-20, H ,87,6063.70000,RF-9534-27555
Devinview,1249,Branco S/A,"09/03/2020, 00:00:00",APU-15,3,85,24657.50000,ZL-4366-13891
North Maria,1250,Gomez-Anderson,2019-09-27,XC-7,3,39,8422.70000,YN-6878-09396
Peso da Régua,1251,Johnson PLC,2022-10-04,APU-12,L,23,24912.00000,OF-5923-77603
Setúbal,1252,Olson-Wyatt,2018-12-10,APU-15,light,35,9630.00000,ON-1949-50070
Vila Nova de Foz Côa,1253,Melo,2016/07/10,APU-15,L,30,12774.50000,CJ-7092-22447
Peso da Régua,1254,"Barnes, Ross and Hurst",17 Apr 2017,APU-12,L,1,30244.20000,EX-9946-14152
Odivelas,1255,Smith-Scott,2022-07-09,APU-15,light,65,9339.10000,RB-1279-08309
Saulgau,1256,"Barnes, Ross and Hurst","12/29/2019, 00:00:00",APU-20,1,4,15072.10000,JC-4224-23792
Adamstad,1257,"Barnes, Ross and Hurst","04/24/2019, 00:00:00",XC-7,heavy,105,10145.00000,LJ-4190-63352
Saulgau,1258,Schenk,2017-05-07,APU-15,normal,72,7049.00000,OG-6461-16053
Artern,1259,Johann GmbH,"05/10/2015, 00:00:00",XC-7,L,35,7683.90000,CO-9973-18248
Jasminebury,1260,Johann GmbH,"08/03/2021, 00:00:00",XC-7,N,66,10381.70000,LI-1110-06008
Lippstadt,1261,Gomez-Anderson,2019-07-25,APU-15,N,64,16644.50000,VO-8906-65785
Jenniferton,1262,Leal S/A,2017/03/21,APU-15, med ,10,9628.60000,VM-9240-73021
Vila Nova de Santo André,1263,Silva,"01/14/2017, 00:00:00",APU-12,H,103,10426.70000,QS-4037-34841
West Lisa,1264,Melo,03 Dec 2021,APU-12, H ,91,8026.60000,MI-4705-06504
Mirandela,1265,Silva,2019/10/15,APU-15, N ,78,1769.10000,VJ-7229-58227
Cartaxo,1266,Mendes e Filhos,06 Nov 2018,APU-20,normal,61,11071.30000,AD-0784-61217
Loulé,1267,"Pierce, Fuller and Lester",2024-09-18,APU-15,med,44,2382.80000,QG-5181-49294
Gouveia,1268,Henriques S/A,"06/05/2024, 00:00:00",APU-20,H,80,10696.10000,DU-9857-26763
South Melissaside,1269,Gaspar Ferreira S.A.,22 Nov 2016,APU-20,1,108,12310.40000,QM-1643-62318
Mirandela,1270,Branco S/A,2021-08-24,APU-15, 1 ,87,11213.10000,KQ-9658-04484
Vila Nova de Santo André,1271,Ramos,30 Jul 2020,XC-7,2,53,5754.80000,GY-4179-29800
North Roberttown,1272,Gaspar Ferreira S.A.,08 Feb 2023,APU-12,L,23,11913.50000,EJ-5563-33711
Ludwigslust,1273,Morais,2021-02-18,APU-20,1,38,12519.10000,SI-4358-13013
North David,1274,"Pierce, Fuller and Lester",19 Aug 2018,APU-12, heavy ,117,9996.90000,ZT-0584-14617
Fergusonport,1275,Silva,09 Apr 2024,APU-20,3,90,7766.80000,RY-5696-79933
Bad Kissingen,1276,Leal S/A,12 Mar 2019,APU-12,light,31,16008.70000,XC-4046-40774
Mccormickborough,1277,Melo,15 Jul 2022,XC-7,med,53,23915.00000,OW-2105-49366
Miltenberg,1278,Möchlichen,2022/08/04,APU-12,L,24,8241.20000,ZV-4407-35104
Waltonport,1279,Metz GmbH & Co. KGaA,"02/14/2023, 00:00:00",XC-7,1,11,20636.40000,LS-5221-30803
Angra do Heroísmo,1280,Karz KG,2016-12-19,APU-12,light,5,18114.00000,GC-9461-85252
Vila Nova de Santo André,1281,Riehl Zahn GmbH & Co. OHG,06 Nov 2017,XC-7,heavy,96,22868.90000,KK-0404-56747
Thomasland,1282,Sousa,2019/03/25,APU-20,L,18,11106.20000,KA-4995-22347
Cartaxo,1283,Möchlichen,2024-03-07,APU-20,N,27,22616.20000,UJ-7894-57093
Miranda do Douro,1284,Olson-Wyatt,2021-06-03,APU-12,1,0,7084.30000,KZ-5309-19667
Kellychester,1285,"Barnes, Ross and Hurst",2019/01/20,XC-7,L,99,32801.30000,HN-9451-49278
Mirandela,1286,Henriques S/A,12 Feb 2022,XC-7,1,33,,WO-7362-21330
Thomasland,1287,Sousa,27 Nov 2015,XC-7,N,64,5502.20000,ED-3188-21288
Jasminebury,1288,Jähn,2022-03-15,APU-20,2,74,8850.40000,EO-5141-09872
Lake Kevin,1289,Smith-Scott,2021/07/01,APU-12,1,26,13491.70000,HY-9482-63333
Odivelas,1290,Mendes e Filhos,"03/19/2019, 00:00:00",XC-7,heavy,82,7093.60000,MO-7443-56664
Jenniferton,1291,Melo,28 Feb 2017,APU-12,L,102,18668.00000,MA-3914-45073
Ribeira Grande,1292,Cameron-Smith,2016/09/08,APU-20,L,99,9473.10000,KC-0537-06801
Lisastad,1293,Wähner,2020-02-03,APU-20,1,19,27473.80000,HL-2545-92138
Genthin,1294,Johnson PLC,2020-11-02,APU-12,light,3,3987.50000,ZB-4862-22408
Setúbal,1295,Riehl Zahn GmbH & Co. OHG,2021/12/27,APU-12,L,50,16103.30000,CA-1769-77817
Mirandela,1296,Gude GmbH,2023-12-13,XC-7, 1 ,19,10503.00000,RC-8142-42148
New Shane,1297,Johann GmbH,2024-11-02,APU-15,light,22,10130.60000,VJ-8087-06135
Neu-Ulm,1298,Silva,2022/07/03,APU-15, N ,68,31686.60000,RN-9684-76969
Porto Santo,1299,Ribeiro,"04/29/2021, 00:00:00",APU-20,3,96,,ZZ-8746-44696
Neu-Ulm,1300,Antunes,"02/04/2020, 00:00:00",APU-15,L,38,24798.00000,UV-7368-67031
Jasminebury,1301,Phillips PLC,2017-12-09,APU-20,light,17,18025.60000,JQ-1944-30744
Ribeira Grande,1302,Mendes e Filhos,2024/05/06,APU-20,1,27,7843.80000,ZH-6828-49551
Peso da Régua,1303,Gaspar Ferreira S.A.,16 Jul 2024,APU-12,normal,57,22397.90000,GI-0116-31282
Santarém,1304,Schenk,2019/07/04,APU-15,N,73,4267.00000,ZJ-2448-93416
New Shane,1305,Branco S/A,2020/02/18,APU-20,med,34,10333.30000,UN-1895-23670
Fergusonport,1306,Jähn,2017/06/08,XC-7,1,37,22398.30000,LJ-5979-14229
Angra do Heroísmo,1307,Jähn,2021/10/21,APU-12,light,43,20062.40000,JH-9018-18330
West Lisa,1308,Johann GmbH,2017/04/04,APU-15,3,109,7786.30000,IF-1344-62716
Adamstad,1309,Ramos,2018-12-09,XC-7,L,1,26892.80000,BE-3820-62344
Goslar,1310,Henriques S/A,"09/11/2017, 00:00:00",XC-7,normal,66,8432.30000,MW-1397-11521
Waltonport,1311,Phillips PLC,"10/31/2020, 00:00:00",XC-7,heavy,100,10642.90000,QY-0671-14149
South Amyport,1312,Gomez-Anderson,13 Feb 2016,APU-20,1,36,8246.30000,MI-6549-58240
Santo Tirso,1313,"Barnes, Ross and Hurst",13 Jul 2018,APU-20,N,71,8892.50000,FL-8640-36222
Jenniferton,1314,Phillips PLC,2015-09-15,XC-7,med,51,38402.90000,IY-6190-06578
South Melissaside,1315,Lima,"12/07/2017, 00:00:00",APU-15,1,33,15456.60000,MH-9591-72303
North Roberttown,1316,"Pierce, Fuller and Lester",2017/08/26,APU-20,light,34,6787.90000,UB-1293-20305
Santarém,1317,Sousa,2020-04-15,APU-15,L,42,2793.60000,NY-9995-35407
Nicholsburgh,1318,Gude GmbH,2019-04-01,APU-15,2,99,12152.50000,KV-8815-17593
West Lisa,1319,"Barnes, Ross and Hurst",14 Jul 2017,XC-7,2,77,11156.80000,SF-3028-80665
Aachen,1320,Gomez-Anderson,2024-01-01,APU-15,N,68,15716.70000,FP-0609-83373
Peso da Régua,1321,Wähner,2017-12-26,XC-7,light,36,7651.30000,SI-5714-72053
Lake Loriberg,1322,Johnson-Sanchez,2017/01/20,APU-15,light,28,11331.30000,YG-3804-22539
Lake Kevin,1323,Lima,"05/25/2019, 00:00:00",APU-12,1,60,9362.60000,MT-5592-93677
Sebnitz,1324,Gude GmbH,2017-07-03,APU-12,1,26,,RD-0309-86386
Vila Nova de Santo André,1325,Silva,19 Sep 2019,APU-15,light,110,26508.30000,LC-8318-06628
Cartaxo,1326,Jähn,15 Dec 2021,XC-7,3,95,10619.20000,AF-7540-85761
Odivelas,1327,Johnson-Sanchez,2015-01-27,APU-12,H,108,8307.20000,MG-3639-78195
Lippstadt,1328,Wagenknecht,2019-12-30,APU-12,1,0,9922.30000,GN-7325-96492
Freising,1329,Cameron-Smith,2015/08/26,APU-20,med,77,10827.10000,EM-6776-04927
Santarém,1330,Mendes e Filhos,06 Jun 2021,APU-15,L,13,9258.70000,FF-6353-70043
Winterston,1331,Gomez-Anderson,2018-07-20,APU-15,normal,54,13049.30000,XD-6745-59965
Miltenberg,1332,Gomez-Anderson,2020/09/01,APU-20, N ,118,10290.10000,GN-4062-99846
Burg,1333,"Pierce, Fuller and Lester","12/06/2024, 00:00:00",XC-7,3,97,12108.80000,YH-7011-47451
Lippstadt,1334,Johnson PLC,2024-01-07,APU-12, L ,11,45000.00000,IQ-4824-77859
Porto Santo,1335,Ortiz Inc,22 Sep 2017,APU-20, heavy ,80,8623.30000,HF-1984-53502
East Candace,1336,"Barnes, Ross and Hurst",2021-01-07,APU-12,med,49,8476.40000,GT-1099-38148
Nicholsburgh,1337,Phillips PLC,2020-11-13,APU-12, normal ,117,7842.00000,VE-0386-52030
Lippstadt,1338,Ortiz Inc,24 Sep 2024,APU-15,light,33,9457.90000,GX-0112-53772
North Roberttown,1339,Lima,"01/26/2015, 00:00:00",APU-20,light,82,14839.50000,ED-7174-92642
Waltonport,1340,Olson-Wyatt,2023/12/24,APU-12,H,95,7233.40000,FY-5653-20349
Wittstock,1341,Johnson PLC,"01/28/2018, 00:00:00",APU-20,normal,57,19617.00000,ZA-5386-59960
Ribeira Grande,1342,Eigenwillig AG,"07/14/2023, 00:00:00",APU-15,H,103,7533.60000,MU-1451-94463
Nicholsburgh,1343,Gomez-Anderson,2015/08/22,APU-15,1,7,24931.10000,QL-3667-88332
Goslar,1344,Phillips PLC,"06/04/2020, 00:00:00",APU-15,2,73,11497.10000,DY-8474-11607
Wittstock,1345,Sousa,"07/16/2024, 00:00:00",APU-12,1,14,6209.30000,GH-7339-76198
Jasminebury,1346,Wiek GmbH & Co. KG,2019/01/26,APU-20,light,1,15341.60000,WS-3461-44729
South Amyport,1347,Lima,22 Jun 2023,APU-12,1,33,26164.90000,DB-4494-95526
Ribeira Grande,1348,Smith-Scott,"12/06/2015, 00:00:00",APU-12,normal,74,11366.40000,YD-0948-73453
Saulgau,1349,Cameron-Smith,2016-10-02,APU-20,2,54,8104.40000,UC-3598-59686
Jenniferton,1350,Schenk,2018/10/16,XC-7,L,32,3636.40000,OM-1862-87389
West Lisa,1351,Wagenknecht,"07/12/2019, 00:00:00",APU-20, N ,56,18544.90000,UP-2377-48135
Genthin,1352,Mendes e Filhos,2021/10/13,XC-7,1,85,9412.80000,TV-3139-86854
Sebnitz,1353,Ortiz Inc,2024-09-27,APU-20,heavy,117,22071.70000,DG-5075-41474
Freising,1354,Henriques S/A,05 Nov 2017,XC-7,H,88,8613.60000,MA-5004-19703
Lake Kevin,1355,Wähner,2018-10-03,APU-20,1,8,30930.00000,AS-4226-57831
Santo Tirso,1356,Mendes e Filhos,31 Oct 2015,APU-12,H,16,9083.50000,FU-1898-69443
Vila Nova de Santo André,1357,"Pierce, Fuller and Lester","02/27/2017, 00:00:00",APU-12,heavy,90,20667.30000,WJ-3748-95274
Santo Tirso,1358,Cameron-Smith,"05/02/2021, 00:00:00",APU-12,light,13,4347.20000,QR-6249-78526
Lippstadt,1359,Wirth Mende GmbH & Co. KG,2022-12-10,APU-20,H,80,11143.10000,EC-7128-81683
Thomasland,1360,Wagner,2019-11-14,XC-7,light,108,19898.60000,BQ-6116-89408
Jasminebury,1361,Morais,2018/04/05,APU-20,N,45,17733.00000,FO-2378-13406
Bad Kissingen,1362,Smith-Scott,2024-05-13,APU-12,heavy,87,14942.70000,RF-6550-33200
East Candace,1363,Ribeiro,14 Apr 2016,APU-20,2,30,24326.30000,DP-6126-63122
Dianastad,1364,"Pierce, Fuller and Lester",2016-09-19,APU-12,light,10,28586.60000,KF-4983-87248
Gouveia,1365,Silva,"05/16/2017, 00:00:00",XC-7,heavy,108,9373.20000,AU-4798-87193
Lake Kevin,1366,Mendes e Filhos,31 Jan 2024,APU-15,L,10,8833.00000,IO-6971-37252
Hofgeismar,1367,Schenk,17 May 2015,APU-20, 2 ,25,14335.30000,QY-6784-04858
Odivelas,1368,Mendes e Filhos,"05/16/2018, 00:00:00",APU-15,med,63,12391.20000,GP-1933-48201
Wittstock,1369,Cameron-Smith,"03/28/2019, 00:00:00",APU-12,1,14,7984.70000,CR-5712-41108
Devinview,1370,Wagner,2016/06/19,APU-12, L ,23,45000.00000,WM-8395-66526
South Amyport,1371,Wähner,13 Dec 2018,APU-12,2,66,11335.90000,BZ-1071-92074
Salazarville,1372,Gude GmbH,2023/11/14,APU-20, 2 ,55,18768.30000,SG-3772-56460
Hofgeismar,1373,Ortiz Inc,21 Apr 2019,XC-7,H,110,17180.90000,OO-1150-23556
Porto Santo,1374,Ribeiro,13 May 2017,APU-12,3,89,12826.80000,CP-2623-84206
West Lisa,1375,Duncan-Brown,29 Apr 2017,APU-12,N,71,17318.50000,NC-3478-25146
Ludwigslust,1376,Leal S/A,20 Sep 2016,APU-12,1,13,27809.50000,QU-9953-23567
Loulé,1377,Phillips PLC,"04/20/2023, 00:00:00",APU-15,heavy,108,29594.10000,AE-9147-13172
Lippstadt,1378,Gaspar Ferreira S.A.,2015-08-14,APU-15,2,73,5144.60000,GS-0645-19027
Burg,1379,Lima,30 Nov 2018,XC-7,2,109,26944.60000,JE-1630-88578
North Kimberly,1380,Karz KG,06 Jul 2017,APU-15,1,22,3574.00000,AE-6727-13888
Waltonport,1381,Silva,2018-07-08,APU-15,N,41,10155.70000,ZO-5962-60316
Lake Loriberg,1382,Gomez-Anderson,"10/30/2019, 00:00:00",XC-7,light,25,4228.80000,FF-6056-76593
Dresden,1383,Gomez-Anderson,06 Feb 2023,XC-7,light,103,19857.50000,FQ-7483-79315
New Shane,1384,Karz KG,"07/04/2020, 00:00:00",APU-12,med,72,10606.90000,NA-8301-81516
Neu-Ulm,1385,Wähner,2020/05/29,XC-7,heavy,83,,QQ-8769-07247
Lake Loriberg,1386,"Pierce, Fuller and Lester",11 Mar 2023,APU-15,1,36,20090.70000,DC-1419-18582
Porto Santo,1387,Antunes,14 Aug 2019,APU-12,L,6,5159.00000,OR-9072-57801
Odivelas,1388,Mendes e Filhos,2021/02/26,APU-15,2,46,27472.50000,XM-7624-92031
Odivelas,1389,Branco S/A,26 Oct 2024,XC-7,1,36,18027.80000,ZL-4879-85306
Thomasland,1390,Antunes,2018-09-13,XC-7,light,4,22213.40000,PG-6407-31479
Genthin,1391,Jähn,"06/25/2018, 00:00:00",XC-7,heavy,61,11180.30000,PE-9021-57869
South Amyport,1392,Karz KG,2021-09-11,XC-7,light,13,,IY-7101-08927
Vila Nova de Santo André,1393,Leal S/A,12 Sep 2017,APU-12,L,24,6623.60000,TB-5697-27219
Mccormickborough,1394,Pinto,2023/11/30,XC-7,1,11,5096.40000,PY-0528-61045
Miltenberg,1395,Wagenknecht,01 Jan 2023,APU-12,light,22,22279.00000,YJ-3462-70926
Goslar,1396,Silva,"01/16/2024, 00:00:00",APU-15,normal,65,,CQ-8159-41890
Burg,1397,Melo,2021-07-09,APU-15,2,76,7945.70000,DQ-6077-63387
Ludwigslust,1398,Ribeiro,"06/09/2016, 00:00:00",XC-7,light,29,35777.90000,DP-0184-04059
Peso da Régua,1399,Cameron-Smith,2022-12-06,XC-7,1,29,6643.20000,RT-0822-82405
Bad Kissingen,1400,Wähner,2019-06-19,XC-7,1,24,20667.60000,YP-4847-11719
Devinview,1401,Wirth Mende GmbH & Co. KG,2020/08/14,APU-12,2,53,15300.50000,RB-2259-54760
Adamstad,1402,Metz GmbH & Co. KGaA,2016/04/07,APU-20,L,27,13264.60000,NH-4044-44131
Lake Kevin,1403,Ortiz Inc,2023/06/23,APU-12,light,21,17654.00000,IK-1062-96352
Peso da Régua,1404,Silva,13 Oct 2021,XC-7,light,25,13651.70000,WA-6051-92203
Devinview,1405,Wagner,20 Feb 2021,APU-15,light,0,15890.40000,QJ-8020-90878
East Zachary,1406,Gaspar Ferreira S.A.,12 Mar 2015,APU-20, light ,22,24025.80000,SM-0104-03636
Santarém,1407,Lima,2017-11-05,XC-7,heavy,61,17973.30000,ZG-8041-61591
Dianastad,1408,Johnson-Sanchez,19 May 2020,APU-20,L,19,6048.70000,NU-6416-31910
Adamstad,1409,Duncan-Brown,2016-07-21,APU-12,light,8,7819.30000,FB-7150-84345
Mirandela,1410,Olson-Wyatt,22 Aug 2021,APU-20,H,73,8264.50000,AA-1332-02455
Tomar,1411,Wähner,"06/27/2019, 00:00:00",APU-20,normal,50,3394.10000,TR-3201-87891
North Kimberly,1412,Lozano-Nguyen,16 Nov 2021,APU-12,H,104,23019.80000,NK-4201-00863
Vila Nova de Foz Côa,1413,Wähner,"08/01/2024, 00:00:00",XC-7,1,33,13764.80000,EW-3612-54499
Tomar,1414,Sousa,"12/29/2020, 00:00:00",APU-15,N,53,15611.00000,JL-3581-25513
Miltenberg,1415,Johann GmbH,"08/19/2023, 00:00:00",APU-12,1,15,9299.90000,QJ-4934-80172
Nicholsburgh,1416,Jähn,"02/01/2018, 00:00:00",APU-20,1,29,11804.10000,ZC-1810-25686
Thomasland,1417,Pinto,02 Jun 2022,XC-7,1,104,14303.80000,KB-4707-84832
Mirandela,1418,Henriques S/A,07 Mar 2023,XC-7,med,57,14111.50000,VA-1369-09662
Adamstad,1419,Duncan-Brown,2022-05-28,APU-12,3,97,10855.30000,TX-0959-29657
Lippstadt,1420,Pinto,"03/14/2018, 00:00:00",APU-15,light,86,25536.10000,WI-6046-62229
North Kimberly,1421,Silva,2015-08-31,APU-12,N,99,16266.40000,LV-8209-84209
Peso da Régua,1422,Schenk,2018-11-24,XC-7,normal,73,5978.10000,YD-0866-70365
North Kimberly,1423,Wiek GmbH & Co. KG,2021/12/09,APU-20,heavy,83,10084.00000,CN-9984-58518
Hofgeismar,1424,Karz KG,21 Feb 2019,APU-20,L,72,14385.60000,LK-9561-56335
Angra do Heroísmo,1425,Wähner,2018/10/01,APU-20,L,2,,BM-0101-45385
Angra do Heroísmo,1426,Möchlichen,"07/13/2015, 00:00:00",APU-15,1,35,4519.40000,SS-4431-44229
South Melissaside,1427,Ramos,"11/12/2020, 00:00:00",APU-20,med,62,12415.00000,QQ-2522-58887
Cartaxo,1428,"Barnes, Ross and Hurst",2024-07-19,APU-20,H,108,17567.50000,MU-9879-35950
Tomar,1429,Wagenknecht,2015/06/16,APU-15,heavy,85,,RA-6180-69296
Angra do Heroísmo,1430,Duncan-Brown,2016-11-03,APU-12,H,82,24393.30000,JM-7276-01181
Goslar,1431,Smith-Scott,2022-09-05,APU-20,heavy,81,6077.80000,WH-7850-75541
Bad Kissingen,1432,Gomez-Anderson,2023-07-09,APU-20, H ,90,4769.00000,UF-9033-53655
Tomar,1433,Riehl Zahn GmbH & Co. OHG,2018-12-07,APU-20,L,60,9928.40000,PE-5290-35580
Lisastad,1434,Wiek GmbH & Co. KG,01 Feb 2015,APU-20,1,16,18679.50000,IX-1238-57279
Vila Nova de Santo André,1435,"Pierce, Fuller and Lester",2024-04-01,APU-20,2,40,31084.70000,JA-0307-72540
Peso da Régua,1436,Mendes e Filhos,2015-04-08,APU-15,2,47,2205.10000,CV-1208-55017
Vila Nova de Santo André,1437,Eigenwillig AG,07 Jun 2019,APU-15,light,4,8511.50000,QH-4324-47300
Neu-Ulm,1438,Mendes e Filhos,"03/23/2019, 00:00:00",APU-15,1,25,22087.40000,QA-7030-95949
Dianastad,1439,Wagenknecht,2021/09/07,APU-20,2,53,29492.90000,QH-9743-38357
Miltenberg,1440,Antunes,25 Jan 2023,XC-7,2,98,10586.40000,EH-8254-33366
Mirandela,1441,Johann GmbH,"03/22/2020, 00:00:00",XC-7,normal,43,15798.40000,QU-4191-59639
East Zachary,1442,Sousa,2020-03-26,APU-15,3,115,28622.20000,ET-1766-65897
Fergusonport,1443,Möchlichen,"04/26/2020, 00:00:00",APU-20,2,117,36285.20000,AY-6362-91441
West Lisa,1444,Ramos,"08/11/2024, 00:00:00",XC-7,normal,102,8530.80000,CD-6162-20937
Dresden,1445,Gude GmbH,19 Mar 2020,APU-20,H,82,14112.10000,NL-2865-08573
Peso da Régua,1446,Wagenknecht,2023/05/30,APU-20,light,31,10450.60000,VY-2694-14790
West Lisa,1447,Wähner,10 Sep 2016,APU-12,1,21,6162.20000,EQ-3016-52544
South Melissaside,1448,Johnson PLC,2021/08/06,APU-20, 1 ,8,4131.40000,GJ-5791-39763
Kellychester,1449,Wähner,"08/16/2015, 00:00:00",APU-15,light,13,,MF-7768-77363
Miranda do Douro,1450,Schenk,2021-09-23,APU-12,2,43,19302.00000,TD-0663-46768
Vila Nova de Santo André,1451,Wagenknecht,"12/07/2024, 00:00:00",APU-12,med,72,16234.60000,TY-7667-48374
Winterston,1452,Leal S/A,"03/13/2019, 00:00:00",APU-12,1,59,11521.30000,TI-9601-76067
Freising,1453,Leal S/A,"12/27/2015, 00:00:00",XC-7,1,5,15894.00000,EW-0754-49008
Aachen,1454,Wähner,2016-02-22,XC-7,3,106,14069.70000,RJ-5389-79337
Hofgeismar,1455,Antunes,2020-05-12,APU-15,1,113,9595.40000,CS-9391-92554
Mirandela,1456,Cameron-Smith,13 May 2019,APU-15,heavy,20,15212.60000,TH-7459-98669
West Lisa,1457,Lima,"07/12/2019, 00:00:00",APU-20,light,33,6847.70000,WU-6681-89445
North Maria,1458,Lozano-Nguyen,18 Apr 2020,APU-20,N,98,11982.60000,EL-8519-91402
Saulgau,1459,Smith-Scott,17 Oct 2017,APU-12,light,35,5697.00000,GJ-1353-44446
Lippstadt,1460,Ramos,17 Jan 2017,XC-7,L,63,45000.00000,JI-8128-01453
East Zachary,1461,Melo,12 Apr 2017,APU-20,H,97,9376.10000,CK-4673-26175
Nicholsburgh,1462,Schenk,2021/12/08,APU-15,light,7,11227.40000,RZ-3847-07084
Grevenbroich,1463,Wagner,2020/05/07,XC-7,1,2,45000.00000,TU-7925-46850
Sebnitz,1464,Johann GmbH,2017-11-19,XC-7,heavy,69,16171.50000,NZ-6142-45619
Saulgau,1465,Wirth Mende GmbH & Co. KG,2022/07/26,XC-7,light,28,3490.30000,FM-0024-53895
Devinview,1466,Cameron-Smith,22 Mar 2021,APU-20,L,3,10609.90000,UN-3932-11712
Salazarville,1467,Wirth Mende GmbH & Co. KG,2016-07-07,APU-20,light,22,41112.40000,ZW-7378-96007
North Kimberly,1468,Ortiz Inc,"09/19/2024, 00:00:00",XC-7, med ,50,22976.70000,YS-5137-37781
Peso da Régua,1469,Gaspar Ferreira S.A.,2020/08/14,APU-20,N,79,9245.70000,ON-2208-62408
South Melissaside,1470,Riehl Zahn GmbH & Co. OHG,"07/18/2022, 00:00:00",APU-15,light,36,5264.40000,LQ-9816-01385
South Amyport,1471,Sousa,"08/13/2018, 00:00:00",APU-15, N ,41,11925.00000,WR-2008-45002
Miltenberg,1472,Melo,2020-02-23,APU-15,normal,78,15032.00000,RM-6260-02009
Angra do Heroísmo,1473,Johann GmbH,31 Mar 2018,APU-12,normal,50,12146.30000,NF-3652-06329
Miltenberg,1474,Olson-Wyatt,"03/06/2023, 00:00:00",XC-7, 3 ,96,,SP-5998-20462
Bad Kissingen,1475,Johnson-Sanchez,"09/20/2024, 00:00:00",XC-7,L,37,8878.80000,RC-8182-19098
North David,1476,Wähner,31 Dec 2016,APU-20,L,25,16982.70000,XJ-7711-01995
Lippstadt,1477,Ramos,2018/09/22,APU-15,heavy,78,7627.90000,QJ-1542-39641
South Amyport,1478,Johnson-Sanchez,"08/08/2021, 00:00:00",APU-20,normal,69,9087.00000,TP-4953-68268
Miranda do Douro,1479,Phillips PLC,09 Feb 2018,APU-20, 3 ,98,4868.40000,FY-1899-59176
North Maria,1480,Metz GmbH & Co. KGaA,2021-06-26,APU-12, 2 ,61,5588.40000,LM-0613-82216
North Kimberly,1481,Wirth Mende GmbH & Co. KG,2017/11/24,APU-15,3,93,20666.90000,PU-7683-88138
East Candace,1482,Jähn,2022-01-03,APU-20,3,37,10274.20000,UG-5856-41456
Santarém,1483,Olson-Wyatt,2015/09/13,XC-7,1,28,9609.70000,ZR-8792-01841
Saulgau,1484,"Barnes, Ross and Hurst","12/29/2015, 00:00:00",APU-20,N,18,25114.00000,KU-6126-04254
Nicholsburgh,1485,Cameron-Smith,2018/01/13,APU-20, heavy ,119,8574.10000,AH-9530-73177
West Lisa,1486,Ribeiro,2018/09/08,APU-20,N,91,3797.00000,TW-4428-34616
Genthin,1487,Wagenknecht,09 Jan 2021,APU-15,normal,104,3667.20000,GH-6266-32199
Winterston,1488,Wirth Mende GmbH & Co. KG,2018-05-27,APU-20,L,49,14031.30000,RK-7805-92266
Thomasland,1489,Wähner,2023-12-12,XC-7,3,115,14827.80000,NN-9545-13241
Lippstadt,1490,Gaspar Ferreira S.A.,"04/16/2015, 00:00:00",APU-12,med,75,7989.90000,IO-9803-43919
Hofgeismar,1491,Johnson PLC,10 Oct 2019,APU-15,L,4,4087.50000,UB-7237-60453
Fergusonport,1492,"Barnes, Ross and Hurst",2015-06-21,APU-15,med,40,10659.90000,MZ-1742-62005
Cartaxo,1493,Silva,"05/03/2024, 00:00:00",APU-15,light,2,16442.90000,TU-7296-51069
Saulgau,1494,Pinto,2024-01-25,APU-20,light,17,4477.00000,ZR-7261-03853
Odivelas,1495,Wagner,2017/07/08,XC-7,3,100,7321.90000,YD-3836-87941
Salazarville,1496,Phillips PLC,2021/10/19,APU-15,H,104,19159.30000,BE-3029-85247
Cartaxo,1497,Henriques S/A,2018-05-10,APU-15,H,119,11531.50000,GY-7329-32133
Gouveia,1498,Cameron-Smith,"01/04/2024, 00:00:00",APU-12,heavy,90,16132.90000,LD-1917-17751
Sebnitz,1499,Metz GmbH & Co. KGaA,"10/08/2023, 00:00:00",APU-12,L,8,22936.70000,SC-2138-18082
East Zachary,1500,Leal S/A,2021-06-15,APU-15,3,52,16338.20000,BM-3037-47247
North Kimberly,1501,Cameron-Smith,"09/19/2015, 00:00:00",APU-12,med,112,9415.30000,WA-5997-78047
Santo Tirso,1502,Lozano-Nguyen,"01/15/2018, 00:00:00",APU-20,light,73,7459.00000,OL-8758-37701
Aachen,1503,Johnson PLC,10 Aug 2022,APU-15,heavy,102,32101.70000,YN-6470-83842
Thomasland,1504,Riehl Zahn GmbH & Co. OHG,2017-11-05,APU-15,med,48,10469.10000,JE-2533-03962
Angra do Heroísmo,1505,"Barnes, Ross and Hurst",2018-02-11,XC-7,3,90,,HB-7684-60388
Jenniferton,1506,Johnson PLC,2020-04-02,XC-7,N,72,19570.10000,AN-0020-62897
Mirandela,1507,Wirth Mende GmbH & Co. KG,"02/26/2019, 00:00:00",APU-20,L,33,8078.40000,QN-2362-20495
Dianastad,1508,Lozano-Nguyen,18 Apr 2015,XC-7,L,33,9433.90000,DX-1508-10230
Lisastad,1509,Jähn,2016-12-22,APU-15,light,30,17983.50000,KZ-7299-97837
East Zachary,1510,Henriques S/A,"11/05/2023, 00:00:00",APU-12,2,56,26313.70000,LB-7071-58363
Tomar,1511,Gude GmbH,"03/03/2018, 00:00:00",XC-7,H,119,8963.40000,WD-8073-27280
Nicholsburgh,1512,Schenk,"12/30/2017, 00:00:00",XC-7,light,82,45000.00000,XS-9511-50935
Adamstad,1513,Mendes e Filhos,"09/26/2022, 00:00:00",APU-20,1,1,16270.00000,YJ-0760-16600
Artern,1514,Johnson-Sanchez,23 Jan 2015,APU-15,light,60,6517.60000,ND-7848-02323
Ribeira Grande,1515,Phillips PLC,"07/21/2015, 00:00:00",APU-12,2,45,13472.00000,IF-3481-58493
Vila Nova de Foz Côa,1516,Metz GmbH & Co. KGaA,06 Apr 2019,APU-15,H,111,8400.50000,LC-1009-67470
Devinview,1517,Gomez-Anderson,2018-06-24,APU-20,normal,66,8933.30000,JZ-0428-95032
Jenniferton,1518,Antunes,"05/21/2016, 00:00:00",APU-20,light,53,39571.30000,YG-2168-74467
Vila Nova de Santo André,1519,Ribeiro,06 Jul 2015,APU-15,2,54,7344.50000,HA-9725-25562
New Shane,1520,Johnson PLC,2019/10/01,APU-12,1,20,4978.60000,YJ-0410-03763
Peso da Régua,1521,Ortiz Inc,2023/05/18,APU-15,light,61,21815.20000,GS-1510-30053
Odivelas,1522,Lozano-Nguyen,"01/29/2021, 00:00:00",APU-20,1,7,,OX-4308-59285
Salazarville,1523,Henriques S/A,31 Jan 2024,APU-15,med,51,8958.60000,UJ-2012-18810
Vila Nova de Foz Côa,1524,Schenk,"08/21/2016, 00:00:00",XC-7,heavy,117,45000.00000,HV-3010-35867
Port Kevin,1525,Karz KG,21 Jul 2020,XC-7,light,24,5377.40000,KX-4807-20133
Porto Santo,1526,Johann GmbH,"02/07/2017, 00:00:00",APU-12,N,40,7731.10000,NK-5475-23024
North Kimberly,1527,Sousa,2024-05-20,APU-15,L,23,19701.00000,AB-2164-43286
Ribeira Grande,1528,Wiek GmbH & Co. KG,27 Sep 2017,APU-15,H,81,6293.00000,ZZ-6106-88637
Neu-Ulm,1529,Gude GmbH,"11/13/2023, 00:00:00",APU-12,light,11,14070.40000,ID-9099-14755
Setúbal,1530,Lima,2016/11/16,APU-12,light,4,7148.90000,SB-8010-47234
Waltonport,1531,Mendes e Filhos,"08/25/2017, 00:00:00",APU-12, H ,15,11177.60000,WU-8476-38163
Lake Loriberg,1532,Karz KG,2015-05-04,XC-7,light,56,14016.50000,JX-8247-47753
Wittstock,1533,Duncan-Brown,30 Jun 2021,XC-7,heavy,91,29271.60000,WS-5112-60208
Genthin,1534,Metz GmbH & Co. KGaA,"05/19/2023, 00:00:00",XC-7, 1 ,0,9641.20000,QG-4070-51119
Jenniferton,1535,Olson-Wyatt,2018-03-05,APU-20,L,24,14522.00000,VT-0381-79322
Wittstock,1536,"Barnes, Ross and Hurst",2022/07/23,APU-20,2,104,37735.60000,EG-7901-74278
Genthin,1537,Wiek GmbH & Co. KG,2017-10-13,XC-7,H,108,16097.40000,YQ-8982-58535
Lake Kevin,1538,Wiek GmbH & Co. KG,2022/06/20,APU-15,2,76,26599.70000,OU-5600-90736
Jenniferton,1539,Gomez-Anderson,2021-10-03,APU-20,heavy,80,,KY-1388-67818
Dianastad,1540,Melo,2018/02/14,XC-7,heavy,82,41718.00000,ZH-2463-35154
North Maria,1541,Ramos,19 Jan 2018,APU-20,3,111,12410.30000,XO-1810-31739
North Maria,1542,Wagner,"07/22/2019, 00:00:00",APU-15,heavy,98,16792.40000,OY-5953-18712
Sebnitz,1543,"Pierce, Fuller and Lester",2020-10-10,APU-20,heavy,98,19622.60000,JZ-0970-53026
Salazarville,1544,Gaspar Ferreira S.A.,2015-07-18,APU-15,H,109,18297.10000,JG-3260-90813
Grevenbroich,1545,Eigenwillig AG,05 Jun 2024,APU-12,L,76,23944.80000,JU-2197-73661
Winterston,1546,Johnson-Sanchez,2016/04/13,APU-15,med,72,22586.40000,XH-8558-85350
Freising,1547,Wirth Mende GmbH & Co. KG,2023-10-13,APU-12, med ,26,14811.80000,HP-0465-48750
East Zachary,1548,Lozano-Nguyen,2017-02-22,XC-7,N,35,12649.90000,UR-9417-03775
Bad Kissingen,1549,Johnson-Sanchez,2018-01-30,APU-12,heavy,87,17776.90000,TV-6431-79307
East Candace,1550,Riehl Zahn GmbH & Co. OHG,2023-05-27,APU-20,1,6,4988.50000,PI-0282-08224
Angra do Heroísmo,1551,Pinto,26 Apr 2019,APU-12,3,104,17180.20000,VO-5917-14491
Lake Kevin,1552,Johnson PLC,2023/02/14,APU-20,normal,48,45000.00000,ZT-4986-82564
Adamstad,1553,Ramos,2024-07-28,APU-20,1,28,45000.00000,XW-0788-46557
Vila Nova de Santo André,1554,Cameron-Smith,"08/14/2017, 00:00:00",XC-7,light,73,11583.80000,RY-5441-61120
Bad Kissingen,1555,Wagenknecht,03 Sep 2016,APU-15,H,83,13282.10000,IZ-0758-75307
Thomasland,1556,Wiek GmbH & Co. KG,2017-11-04,APU-20,heavy,105,21936.10000,OW-2722-51317
Ludwigslust,1557,Henriques S/A,2017/10/16,APU-15,2,55,16171.90000,IE-1329-20692
East Zachary,1558,Sousa,07 Mar 2023,APU-20,N,77,33423.20000,HE-9356-97173
East Zachary,1559,Gomez-Anderson,"09/24/2023, 00:00:00",APU-20,light,34,12779.40000,TU-5299-32999
New Shane,1560,Sousa,28 Mar 2022,APU-20,1,0,,DL-5250-72619
Vila Nova de Santo André,1561,Riehl Zahn GmbH & Co. OHG,2019/06/02,APU-15,H,99,6255.30000,TN-6751-98445
Cartaxo,1562,Duncan-Brown,2017-10-25,APU-15, H ,98,2823.10000,AR-0203-28588
North Maria,1563,Gaspar Ferreira S.A.,"02/06/2023, 00:00:00",XC-7,1,3,18869.80000,TF-6677-04954
East Candace,1564,Ramos,2015-04-13,XC-7,N,75,27183.70000,VB-8328-15385
Lake Kevin,1565,Metz GmbH & Co. KGaA,21 Jul 2019,APU-15,1,2,26992.10000,ZF-7259-00069
Aachen,1566,Johnson-Sanchez,07 Feb 2021,APU-15,L,24,4690.70000,JG-7023-30466
North David,1567,Johnson PLC,2016/12/15,APU-12, 3 ,106,5503.40000,VJ-5668-35723
Aachen,1568,Smith-Scott,2020/07/03,APU-12,light,113,8123.50000,LJ-0630-45886
Lake Loriberg,1569,Ramos,2017/02/02,XC-7,L,112,,TK-4933-92703
Peso da Régua,1570,Wagenknecht,"01/25/2019, 00:00:00",APU-15, light ,47,14423.50000,YT-8356-10497
Goslar,1571,Cameron-Smith,14 Oct 2015,XC-7,L,17,13680.20000,SI-8487-07612
Lake Loriberg,1572,Cameron-Smith,"09/11/2023, 00:00:00",APU-20,2,45,9196.30000,HY-0686-69176
Salazarville,1573,Riehl Zahn GmbH & Co. OHG,"08/09/2022, 00:00:00",APU-20, med ,40,10097.10000,HB-7679-59115
Lake Kevin,1574,Wirth Mende GmbH & Co. KG,"01/28/2015, 00:00:00",APU-15,heavy,89,23902.40000,BR-7441-87947
Mirandela,1575,Melo,"09/02/2016, 00:00:00",XC-7,H,100,15924.50000,ZM-6008-95987
Nicholsburgh,1576,Silva,2016-10-30,APU-20,N,65,8503.30000,JR-4732-78539
Grevenbroich,1577,Mendes e Filhos,2024-08-31,APU-20,L,9,21491.10000,MY-0375-49816
Genthin,1578,Olson-Wyatt,25 Apr 2016,APU-12,N,79,7930.50000,CN-3911-44150
Gouveia,1579,Antunes,2017-04-26,APU-15,3,95,5419.40000,CT-4690-64272
Miltenberg,1580,Wagner,26 Apr 2019,APU-12,light,15,12612.10000,SC-0347-85669
Neu-Ulm,1581,Henriques S/A,2020-03-15,APU-12,L,23,10249.00000,VQ-6875-36116
East Candace,1582,Ortiz Inc,11 Jan 2016,XC-7,med,69,22220.40000,TH-4269-45667
Genthin,1583,Silva,"10/04/2020, 00:00:00",XC-7,3,113,24744.40000,WA-0895-46924
Bad Kissingen,1584,Johnson-Sanchez,"05/05/2016, 00:00:00",APU-20,2,43,12287.30000,WL-9102-55254
North Roberttown,1585,Melo,2022-08-03,APU-15,normal,42,7048.80000,GM-4165-48311
South Amyport,1586,"Barnes, Ross and Hurst",2016/04/13,APU-12,H,87,12539.40000,MZ-2347-85124
Lippstadt,1587,Phillips PLC,2021-08-31,APU-20,H,62,15914.20000,ZC-8008-93101
Adamstad,1588,Sousa,"08/14/2020, 00:00:00",APU-20,2,61,12059.30000,CX-3545-81785
Porto Santo,1589,Smith-Scott,08 Aug 2019,XC-7,1,20,17872.90000,KP-5007-87977
Peso da Régua,1590,Ribeiro,27 Apr 2021,XC-7,normal,71,8138.20000,MH-7387-00162
Gouveia,1591,Henriques S/A,2023-01-20,APU-20,1,62,4162.90000,MU-2960-17986
Waltonport,1592,Olson-Wyatt,25 Aug 2021,APU-12,1,4,8244.20000,NN-8676-30437
Vila Nova de Foz Côa,1593,Jähn,2024/12/20,XC-7,L,114,5601.30000,NE-3872-26851
Lippstadt,1594,Mendes e Filhos,"11/09/2018, 00:00:00",APU-20,light,18,10471.40000,YF-0084-15895
Peso da Régua,1595,Melo,2017/12/25,APU-15, 1 ,32,7172.80000,ZN-5484-83802
Goslar,1596,Jähn,2019-08-25,APU-20,2,65,31919.20000,PC-1169-88600
Odivelas,1597,Duncan-Brown,"11/25/2015, 00:00:00",APU-12,1,30,12881.30000,KD-0245-64250
Odivelas,1598,Cameron-Smith,"09/12/2023, 00:00:00",APU-15, med ,76,,RJ-4286-02425
North Kimberly,1599,Eigenwillig AG,2015/11/18,APU-20,N,54,19995.40000,GZ-2875-85941
Saulgau,1600,Johann GmbH,"10/16/2023, 00:00:00",APU-12,normal,70,12402.70000,CO-3069-56930
Lisastad,1601,Johann GmbH,18 Jul 2021,APU-15,normal,58,3461.80000,GH-4786-83517
Odivelas,1602,Lozano-Nguyen,2017-08-09,APU-12,med,54,17525.20000,GS-0105-42081
East Zachary,1603,Wagenknecht,05 Apr 2015,XC-7,2,33,7407.60000,JL-5090-78072
Miranda do Douro,1604,Lozano-Nguyen,2018-11-08,APU-15,med,44,20874.30000,MP-7606-42992
Grevenbroich,1605,Melo,"07/11/2018, 00:00:00",APU-15,normal,43,12643.60000,UX-5297-02581
Bad Kissingen,1606,Metz GmbH & Co. KGaA,2021-06-17,APU-12,L,6,15758.20000,NG-5579-93079
Lisastad,1607,Wirth Mende GmbH & Co. KG,07 Jan 2018,APU-20,med,60,5114.20000,ZS-0786-10465
Artern,1608,Möchlichen,"03/16/2018, 00:00:00",APU-12,heavy,110,26712.60000,MO-0988-36709
Burg,1609,Johnson PLC,2017-01-17,APU-20,L,89,3194.00000,FA-7501-34334
Bad Kissingen,1610,Silva,2018-12-26,XC-7,2,26,18667.00000,FQ-2524-75836
Adamstad,1611,Wirth Mende GmbH & Co. KG,"05/15/2019, 00:00:00",APU-12,1,101,10605.90000,BZ-8857-63438
South Melissaside,1612,Wähner,2023/07/18,XC-7,light,26,20038.40000,QH-4175-93269
Kellychester,1613,Duncan-Brown,2015/09/20,XC-7,H,88,2508.30000,WV-7136-26442
Bad Kissingen,1614,Wirth Mende GmbH & Co. KG,2020/07/13,APU-20,2,59,12060.20000,DE-5253-41892
Wittstock,1615,Olson-Wyatt,05 Oct 2023,XC-7,H,92,13719.30000,FH-2657-52269
Nicholsburgh,1616,Pinto,"07/20/2020, 00:00:00",APU-20,N,60,9333.30000,DU-5203-99336
Lake Kevin,1617,Lima,2023/08/23,APU-12,2,91,8606.30000,RZ-0938-13427
Miranda do Douro,1618,Sousa,"08/12/2016, 00:00:00",APU-15, light ,34,7581.50000,YG-5808-81184
Peso da Régua,1619,Olson-Wyatt,2023-11-20,APU-12,N,109,7131.70000,BH-9907-87031
Dresden,1620,Johnson-Sanchez,01 Aug 2017,XC-7,L,31,6428.10000,XV-6335-18571
Freising,1621,Cameron-Smith,"11/13/2020, 00:00:00",APU-20,N,54,8182.20000,IZ-2754-56634
Fergusonport,1622,Gomez-Anderson,2015/07/07,APU-15,3,59,5508.60000,GK-2364-30178
Grevenbroich,1623,Möchlichen,01 Nov 2024,XC-7,N,57,20108.20000,CZ-5895-16988
Gouveia,1624,Karz KG,2019-01-12,APU-12, light ,25,9002.70000,MY-4982-61414
Saulgau,1625,Mendes e Filhos,"11/18/2016, 00:00:00",XC-7,normal,76,6192.60000,UK-7360-54820
Freising,1626,Möchlichen,2015/08/11,APU-20,1,28,4181.90000,MG-5672-44733
Miltenberg,1627,Karz KG,2019-11-22,APU-12,light,20,12584.40000,CQ-0651-76388
Grevenbroich,1628,Smith-Scott,2016/07/29,APU-12,heavy,17,22326.90000,LP-5400-82947
Miltenberg,1629,Pinto,2019-09-11,APU-15,1,13,17862.50000,ZQ-5297-10398
Goslar,1630,Melo,2023-01-06,APU-12,L,2,13865.60000,CV-7201-48494
Odivelas,1631,Sousa,2022/05/22,APU-20,L,3,11398.60000,GG-0350-82292
Devinview,1632,Ramos,04 Feb 2017,APU-20,2,58,7127.00000,VU-5235-09840
Ribeira Grande,1633,Karz KG,2017-04-03,APU-20,L,97,13363.40000,PL-3840-72822
North Maria,1634,"Barnes, Ross and Hurst",2023/02/28,APU-12,med,69,3681.30000,KY-0678-75382
North Maria,1635,Branco S/A,2022-05-17,APU-15,1,10,19587.10000,LD-4095-87059
Lake Loriberg,1636,Wirth Mende GmbH & Co. KG,"03/21/2018, 00:00:00",XC-7,med,51,20892.60000,MT-1835-61833
East Zachary,1637,Johnson PLC,2020-01-28,APU-12,N,46,16943.60000,EF-4537-56838
Jasminebury,1638,Wagenknecht,2018-07-04,APU-15,3,81,11364.50000,TN-7323-90865
Winterston,1639,Smith-Scott,01 Jul 2023,APU-15,2,95,16688.80000,BA-9962-99909
Adamstad,1640,Gomez-Anderson,2016/07/08,APU-15,light,39,,EF-6302-79243
Wittstock,1641,Gaspar Ferreira S.A.,10 Feb 2016,APU-12,3,113,9961.80000,LP-8123-04477
Thomasland,1642,Karz KG,10 Sep 2018,APU-20,light,5,8766.60000,NM-2137-53444
Grevenbroich,1643,Leal S/A,"08/31/2017, 00:00:00",XC-7,N,43,,ZM-0336-12192
Waltonport,1644,Ramos,30 Mar 2018,APU-15,L,28,7719.40000,ID-5396-17484
Dianastad,1645,Eigenwillig AG,2016/04/21,APU-20,3,98,10620.80000,LO-0425-30998
Artern,1646,Eigenwillig AG,23 Aug 2015,APU-12,L,19,9595.60000,LN-2313-21716
Goslar,1647,Schenk,19 Jul 2015,APU-20,normal,66,14922.80000,RC-2034-87785
Vila Nova de Santo André,1648,"Barnes, Ross and Hurst",2020-09-20,APU-15,med,53,9878.20000,OF-6463-50961
Waltonport,1649,Gude GmbH,"10/04/2016, 00:00:00",XC-7,normal,50,10003.60000,HQ-2194-24099
South Melissaside,1650,Eigenwillig AG,2023/06/03,APU-12,L,107,14715.50000,OF-9340-65415
North Maria,1651,Metz GmbH & Co. KGaA,21 Jun 2018,XC-7, N ,32,23996.70000,ZP-4969-49995
Lake Kevin,1652,Duncan-Brown,2023/09/27,APU-15,light,35,25549.00000,SL-4613-15522
Lippstadt,1653,Melo,2015-01-15,XC-7,2,73,,UN-5720-22585
New Shane,1654,Ribeiro,30 Jul 2017,APU-15,normal,43,16765.40000,AQ-6091-89146
Waltonport,1655,Gude GmbH,"01/29/2015, 00:00:00",APU-15,med,68,3903.50000,GQ-1693-07471
New Shane,1656,Silva,2023-12-18,XC-7,L,31,10070.30000,FW-9140-51840
Goslar,1657,Wähner,2017/07/04,APU-12,light,10,11891.40000,UJ-4122-98421
East Zachary,1658,Smith-Scott,2015-11-26,XC-7,light,45,13825.70000,AJ-0875-88641
Angra do Heroísmo,1659,Gude GmbH,2015/12/03,XC-7,N,38,14976.60000,IN-0654-86120
Loulé,1660,Johann GmbH,2019/09/05,XC-7,L,11,12680.60000,YD-2915-38327
Peso da Régua,1661,Riehl Zahn GmbH & Co. OHG,2023/12/13,XC-7,H,95,17261.30000,PJ-1179-01906
Jenniferton,1662,Silva,2016-03-19,APU-20,light,72,11136.20000,XS-7183-96386
Waltonport,1663,Wagenknecht,2022/08/20,APU-20, L ,10,12368.90000,ZE-2947-91921
Waltonport,1664,Wagenknecht,2018/06/09,APU-20,1,39,8209.60000,SR-5637-44047
Neu-Ulm,1665,Ribeiro,2020-06-24,XC-7,med,74,3726.70000,FN-7778-61162
Miranda do Douro,1666,Henriques S/A,2018/09/06,APU-15,normal,74,6005.90000,WB-2527-96233
West Lisa,1667,Schenk,2019-03-14,APU-12,med,52,20325.80000,OZ-9516-56943
Winterston,1668,"Barnes, Ross and Hurst",2022-07-19,APU-20,2,68,13118.50000,EC-1042-83523
Goslar,1669,Ramos,30 Dec 2017,APU-12,normal,98,,VV-8494-53552
Porto Santo,1670,Wagner,"02/27/2020, 00:00:00",APU-20,heavy,96,12584.10000,NT-5046-94966
Cartaxo,1671,Ribeiro,2021/02/18,APU-20,L,116,6332.90000,CG-4661-34465
Burg,1672,Lozano-Nguyen,2020-04-27,APU-12,2,43,7964.90000,AT-0957-40410
Lake Loriberg,1673,Gaspar Ferreira S.A.,16 Jul 2022,APU-15, med ,53,5582.00000,SS-7702-61884
Nicholsburgh,1674,Lima,2022/06/10,APU-15,L,4,6843.70000,HH-6809-17648
New Shane,1675,Pinto,2022/09/21,APU-15,normal,66,14459.10000,JB-3710-04506
Waltonport,1676,Lima,"11/09/2015, 00:00:00",XC-7,light,0,13444.40000,MR-0933-96886
Burg,1677,Mendes e Filhos,"02/05/2020, 00:00:00",APU-20,med,66,13000.70000,RE-9321-38478
Burg,1678,Schenk,"02/16/2017, 00:00:00",APU-12,med,42,16690.40000,ZH-7001-19752
Vila Nova de Foz Côa,1679,Riehl Zahn GmbH & Co. OHG,2018/05/08,APU-15, L ,69,7252.00000,ID-7379-03908
South Melissaside,1680,Ortiz Inc,"08/14/2020, 00:00:00",APU-20,L,18,21100.90000,BM-7120-18807
Kellychester,1681,Pinto,2020/01/25,APU-20,3,110,11160.80000,EV-1797-30235
Hofgeismar,1682,Antunes,03 Sep 2020,APU-20,H,44,27775.80000,UT-6449-23289
Bad Kissingen,1683,Wiek GmbH & Co. KG,2020-08-20,APU-15,N,58,11781.40000,XR-7916-53840
Vila Nova de Foz Côa,1684,Wagner,"11/20/2015, 00:00:00",APU-20,1,8,20177.30000,VF-1770-13742
Kellychester,1685,Morais,"12/08/2022, 00:00:00",XC-7,H,106,16015.20000,DF-1038-90754
East Zachary,1686,Melo,09 Feb 2018,APU-15,N,69,6964.00000,DC-9994-78834
North Kimberly,1687,Möchlichen,"05/11/2016, 00:00:00",XC-7,2,54,9491.20000,IX-4028-87381
Vila Nova de Santo André,1688,Wähner,2023/03/02,APU-20,light,36,13173.90000,LQ-5105-50901
Vila Nova de Foz Côa,1689,Ribeiro,2023-06-06,APU-15, 3 ,100,19651.50000,WF-6705-12764
Saulgau,1690,Gude GmbH,2017-12-07,XC-7,light,18,7327.10000,FT-9580-57133
Goslar,1691,Lozano-Nguyen,2015-02-17,APU-20,heavy,89,35277.30000,GD-5737-74811
South Amyport,1692,Leal S/A,2022/08/08,APU-12,N,49,30074.80000,UW-8454-09481
Aachen,1693,Silva,02 May 2019,XC-7,2,41,14519.40000,IA-4464-00310
Genthin,1694,Metz GmbH & Co. KGaA,14 Jun 2021,APU-20,med,53,6157.00000,JF-4013-67954
Aachen,1695,Eigenwillig AG,"10/11/2020, 00:00:00",APU-12,med,58,7984.80000,PB-2887-11890
Waltonport,1696,Olson-Wyatt,"12/24/2019, 00:00:00",APU-20,N,72,8204.60000,BK-5839-10001
Sebnitz,1697,Lima,2018-06-30,APU-12,3,119,15356.90000,WG-9730-03232
Nicholsburgh,1698,"Barnes, Ross and Hurst",2020/08/02,APU-20,1,5,9401.80000,LE-9838-55752
Ribeira Grande,1699,Ribeiro,26 Nov 2017,XC-7, N ,68,12672.30000,DW-3257-76940
Goslar,1700,Morais,19 Sep 2016,XC-7, light ,38,14112.80000,QT-7795-98919
North David,1701,Duncan-Brown,2021-08-29,XC-7,N,50,13239.30000,MN-7785-50527
Hofgeismar,1702,Gomez-Anderson,"01/03/2022, 00:00:00",APU-12, light ,34,9922.40000,AS-8477-91865
Santarém,1703,Duncan-Brown,14 Jul 2024,APU-12,L,13,6466.40000,KH-8769-58627
Waltonport,1704,Morais,"10/19/2018, 00:00:00",APU-20,H,110,14107.90000,BD-7315-92421
Odivelas,1705,Cameron-Smith,29 Jan 2015,APU-20,L,15,12971.30000,MW-4463-42813
Freising,1706,Wiek GmbH & Co. KG,2024/03/26,APU-15,normal,55,12696.90000,IQ-5746-57082
Neu-Ulm,1707,"Pierce, Fuller and Lester",2023/12/28,XC-7,med,55,11275.90000,CK-1493-49672
Bad Kissingen,1708,Lozano-Nguyen,24 Oct 2024,XC-7,med,70,,HO-8101-34710
Aachen,1709,Sousa,2019/07/19,XC-7,normal,98,5767.70000,GU-0003-95250
Wittstock,1710,Schenk,"08/07/2018, 00:00:00",APU-15,light,68,6688.30000,XH-4379-10509
South Melissaside,1711,Melo,"07/08/2015, 00:00:00",APU-12,light,8,9903.10000,MF-5729-08909
Kellychester,1712,Jähn,"10/07/2024, 00:00:00",APU-20, 1 ,24,9130.90000,TP-7158-76190
Dresden,1713,Mendes e Filhos,22 Mar 2022,APU-12,light,33,7820.60000,KV-6262-10710
Nicholsburgh,1714,Melo,2024-02-12,APU-15,light,17,8846.30000,PO-2442-56343
East Zachary,1715,Cameron-Smith,2015/07/18,APU-15,2,54,13511.80000,CM-8428-39502
Angra do Heroísmo,1716,Melo,"09/01/2021, 00:00:00",APU-15,L,20,14134.50000,MY-3202-01239
Aachen,1717,Morais,"06/28/2023, 00:00:00",APU-20,3,100,,YZ-7230-16034
Kellychester,1718,"Pierce, Fuller and Lester","09/10/2024, 00:00:00",XC-7,heavy,63,9626.30000,RI-2662-55709
Lippstadt,1719,Melo,2021-09-23,APU-12,med,39,19940.20000,MZ-9658-13780
Dresden,1720,Karz KG,2024-08-28,XC-7,light,32,15756.00000,GL-9694-27567
Lake Kevin,1721,Riehl Zahn GmbH & Co. OHG,2020-03-05,XC-7, light ,38,15363.60000,RO-8456-81238
Port Kevin,1722,Leal S/A,2021-02-24,APU-12,1,30,5156.60000,GP-8501-95228
Port Kevin,1723,Johnson-Sanchez,2018/06/18,APU-20,normal,79,15480.80000,WO-1795-35447
Freising,1724,Ribeiro,2023-08-25,APU-20, N ,47,26798.10000,CW-0120-28591
South Amyport,1725,Riehl Zahn GmbH & Co. OHG,"01/15/2018, 00:00:00",APU-15,light,98,6561.70000,SY-8657-70161
Dresden,1726,Phillips PLC,2015-04-20,APU-12,heavy,83,,YA-4534-04879
Peso da Régua,1727,Duncan-Brown,2023-07-12,APU-20,normal,45,11463.40000,YD-1645-75923
Mccormickborough,1728,Leal S/A,2018/04/14,APU-12,L,13,6510.50000,UU-9184-38711
Sebnitz,1729,Pinto,"11/29/2023, 00:00:00",APU-20,1,6,11764.80000,OD-6264-09150
Grevenbroich,1730,Lozano-Nguyen,2023-03-21,APU-12,N,41,4721.60000,OS-0628-28214
Fergusonport,1731,Johnson PLC,2021-02-03,XC-7, 2 ,47,18304.10000,MZ-7415-80250
Angra do Heroísmo,1732,Cameron-Smith,27 Apr 2023,APU-12, light ,54,8486.00000,TK-5717-18865
Mccormickborough,1733,Johnson PLC,30 Nov 2020,APU-15,3,105,22860.60000,CK-2591-98802
Devinview,1734,Henriques S/A,2016/09/28,XC-7,1,20,6066.00000,DL-9472-35835
Winterston,1735,Leal S/A,2020-12-31,APU-15,normal,50,9061.40000,BG-2069-17161
North David,1736,Phillips PLC,"04/25/2017, 00:00:00",APU-15,L,33,13678.10000,HB-9682-36491
North David,1737,Ribeiro,2022-08-06,XC-7,H,49,3345.50000,CA-0103-43353
Kellychester,1738,"Barnes, Ross and Hurst","08/01/2016, 00:00:00",APU-15,N,77,15498.50000,MX-9471-01395
Winterston,1739,Leal S/A,2018/11/17,XC-7,1,31,11321.10000,NE-7218-36796
Goslar,1740,Antunes,22 Jan 2022,XC-7,light,26,,JK-8408-93491
Tomar,1741,Lozano-Nguyen,2022/02/10,APU-15,light,33,12358.60000,KX-4298-42594
Dresden,1742,Riehl Zahn GmbH & Co. OHG,2021-01-14,APU-15,med,66,16743.20000,WE-8310-46421
Kellychester,1743,Riehl Zahn GmbH & Co. OHG,"07/12/2019, 00:00:00",APU-15, 2 ,51,9937.50000,WK-4227-50419
Saulgau,1744,Gaspar Ferreira S.A.,07 Apr 2018,APU-12,3,101,11958.50000,BU-0421-21900
Lake Loriberg,1745,Schenk,2016-02-01,XC-7,1,13,10699.10000,HC-8120-73684
Burg,1746,Phillips PLC,2022/09/24,XC-7,L,11,2251.50000,OG-8161-98330
Thomasland,1747,Johann GmbH,2015-01-05,XC-7, med ,60,5912.50000,IN-1044-61441
Mirandela,1748,Johnson-Sanchez,2024/07/15,XC-7,heavy,113,2772.40000,CG-6643-50769
Hofgeismar,1749,Antunes,11 Mar 2021,APU-20,L,111,22669.70000,MI-1678-75268
Lippstadt,1750,Karz KG,27 Dec 2022,APU-15,light,11,10723.90000,GS-0220-95946
Lisastad,1751,Branco S/A,"02/29/2024, 00:00:00",APU-12,normal,77,39816.50000,NK-5256-60122
Peso da Régua,1752,Henriques S/A,2018/04/02,XC-7,light,15,9037.50000,FW-5078-56428
Winterston,1753,Olson-Wyatt,25 Feb 2017,APU-20,N,40,29523.20000,ZZ-2344-52034
Salazarville,1754,Riehl Zahn GmbH & Co. OHG,2017-12-03,APU-20,H,87,10395.70000,QB-0011-48203
East Zachary,1755,Duncan-Brown,"12/10/2018, 00:00:00",XC-7,light,109,17707.70000,LE-8553-53677
Cartaxo,1756,Ortiz Inc,2020/12/27,APU-12,light,40,13312.10000,ID-9894-73680
North Roberttown,1757,Wirth Mende GmbH & Co. KG,2021-01-11,APU-20,2,63,10378.30000,UM-1114-43891
Burg,1758,Wagner,"07/05/2019, 00:00:00",APU-15,3,65,,ZY-2818-62597
Aachen,1759,Lozano-Nguyen,30 Dec 2016,APU-20,normal,77,12701.60000,RG-3422-86013
Porto Santo,1760,Branco S/A,2024/03/01,APU-15,L,2,12891.90000,IA-1546-91884
Waltonport,1761,Riehl Zahn GmbH & Co. OHG,"05/05/2015, 00:00:00",XC-7,1,10,7570.80000,KN-3820-50759
Gouveia,1762,Gude GmbH,2019/06/16,XC-7,heavy,82,37976.20000,RB-9567-24688
Lippstadt,1763,Riehl Zahn GmbH & Co. OHG,"11/15/2017, 00:00:00",APU-15,3,92,8566.70000,KW-1433-79193
Ribeira Grande,1764,Riehl Zahn GmbH & Co. OHG,2024-04-06,XC-7,light,22,5117.40000,YG-6375-81060
Mirandela,1765,Johann GmbH,"06/17/2016, 00:00:00",APU-12,normal,50,8249.90000,XC-7284-86208
Setúbal,1766,Mendes e Filhos,"02/11/2023, 00:00:00",APU-12,light,19,14411.90000,PO-8689-70097
Jenniferton,1767,Gomez-Anderson,2018/07/20,APU-12,1,1,8795.60000,AD-7032-04341
Nicholsburgh,1768,Gude GmbH,2022/11/29,APU-12,heavy,98,17240.50000,VE-5707-86963
North Roberttown,1769,Duncan-Brown,2022-05-14,APU-15,3,115,7248.90000,VA-0152-36455
North David,1770,Henriques S/A,07 Jul 2018,APU-15,N,10,5021.10000,ZV-7284-76951
Odivelas,1771,Johnson PLC,2023-02-01,APU-20,normal,58,14218.60000,CS-8469-36095
Lake Kevin,1772,Gomez-Anderson,"10/12/2022, 00:00:00",APU-15,L,118,,ZU-4109-37203
South Amyport,1773,Olson-Wyatt,10 Dec 2022,APU-15,1,22,3990.80000,UQ-5858-59168
Grevenbroich,1774,Wähner,2017-10-01,APU-12,L,21,14454.70000,AW-4682-68866
Neu-Ulm,1775,Wagner,2023/07/06,XC-7,3,96,10310.60000,SR-2514-97142
Adamstad,1776,Mendes e Filhos,2016-07-14,APU-15,light,65,33372.60000,EI-2517-50930
Fergusonport,1777,Ortiz Inc,2024-09-07,XC-7,med,59,9562.80000,TR-6046-14477
Kellychester,1778,Lima,"01/24/2016, 00:00:00",APU-20,2,44,34659.30000,TV-4026-90569
Jenniferton,1779,Wirth Mende GmbH & Co. KG,2021-09-19,APU-15,med,53,6410.20000,OI-0731-59066
Freising,1780,Duncan-Brown,2018-07-30,APU-15,heavy,90,43434.90000,ED-0484-13020
Setúbal,1781,Johnson-Sanchez,2017-06-30,APU-15, L ,33,17597.60000,JB-2064-41689
Setúbal,1782,Johnson PLC,08 Mar 2021,APU-20,1,2,7831.90000,SQ-4810-06260
Santarém,1783,Morais,2020/10/27,XC-7,N,50,30147.90000,JA-4377-85987
Winterston,1784,Wiek GmbH & Co. KG,2021/10/30,APU-15,N,51,6583.70000,YI-3034-39272
Setúbal,1785,Eigenwillig AG,10 Jan 2016,APU-15,med,79,32779.60000,HI-2396-04372
Odivelas,1786,Riehl Zahn GmbH & Co. OHG,08 Nov 2018,XC-7,H,33,14946.70000,KF-9011-39664
Burg,1787,Ribeiro,2021/11/19,APU-12,H,78,16028.80000,UG-0726-68583
Neu-Ulm,1788,Karz KG,27 Oct 2022,APU-20,3,113,8135.30000,ZO-0243-34754
West Lisa,1789,Wiek GmbH & Co. KG,26 Dec 2019,APU-12,3,113,4452.70000,GV-1414-79323
Lippstadt,1790,Silva,2019-01-11,APU-12,light,86,11325.70000,ZO-9230-56328
Salazarville,1791,Metz GmbH & Co. KGaA,"10/22/2015, 00:00:00",XC-7,normal,74,8602.30000,PJ-1012-20763
Miranda do Douro,1792,Henriques S/A,2017-10-08,APU-12,3,81,20103.00000,ZB-3628-51992
South Amyport,1793,Ribeiro,2024-11-14,APU-15,L,32,7402.80000,IW-7643-85847
Jasminebury,1794,Olson-Wyatt,"08/22/2017, 00:00:00",APU-15,L,95,7458.10000,LV-1562-84007
Thomasland,1795,Melo,15 Jun 2024,APU-20,2,49,36737.20000,OL-3416-20946
Genthin,1796,Jähn,25 Dec 2019,XC-7,L,62,7777.20000,HV-3620-21265
Cartaxo,1797,Pinto,"12/26/2017, 00:00:00",APU-12,light,4,10785.00000,LZ-6777-38774
Miranda do Douro,1798,Leal S/A,"07/16/2020, 00:00:00",APU-20,1,24,13437.40000,ZX-7698-27894
Vila Nova de Santo André,1799,Wiek GmbH & Co. KG,2023-07-21,APU-12,2,52,12932.60000,EJ-7937-25254
Dianastad,1800,Mendes e Filhos,"04/20/2024, 00:00:00",APU-12,2,81,5648.20000,BG-5988-65990
Santo Tirso,1801,Wagenknecht,"12/26/2020, 00:00:00",APU-15,heavy,32,14388.20000,PJ-5770-91184
Loulé,1802,Ramos,2019/10/19,XC-7,L,17,5294.90000,JX-1748-10907
Santarém,1803,Cameron-Smith,2018-12-15,APU-20,light,84,23486.90000,HU-3421-57095
Cartaxo,1804,Schenk,"05/07/2017, 00:00:00",XC-7,heavy,114,8284.70000,DF-0701-38486
Salazarville,1805,Möchlichen,2024/05/24,APU-20,1,23,15991.20000,AA-9357-35486
Goslar,1806,Karz KG,"10/06/2022, 00:00:00",APU-12,3,92,8840.00000,YD-4285-35743
Dresden,1807,Branco S/A,2019-10-02,APU-12, 2 ,78,8039.30000,MJ-7280-04181
Gouveia,1808,Branco S/A,2023/04/24,XC-7,light,24,4277.30000,XF-1439-21381
West Lisa,1809,Johnson PLC,"03/15/2020, 00:00:00",APU-20,N,51,,WG-6031-89583
Ribeira Grande,1810,Wähner,"08/05/2019, 00:00:00",APU-15,light,53,4272.60000,HN-8089-61366
Ribeira Grande,1811,Wirth Mende GmbH & Co. KG,2021-11-19,APU-15,2,63,15125.20000,CG-3973-23881
North David,1812,"Pierce, Fuller and Lester",2019-04-14,APU-20,normal,77,10042.20000,CU-8365-21892
Jasminebury,1813,Cameron-Smith,2024/04/06,XC-7,N,60,5720.00000,GE-1710-65621
North Maria,1814,Gaspar Ferreira S.A.,2017-09-29,APU-12,med,62,12501.70000,ND-7270-47285
Fergusonport,1815,Ramos,2016/12/12,XC-7,light,5,14935.00000,CH-9672-28902
Sebnitz,1816,Pinto,"05/22/2018, 00:00:00",APU-20,N,72,14175.80000,WW-2329-60510
Angra do Heroísmo,1817,Ramos,"04/04/2024, 00:00:00",XC-7,H,113,10673.70000,VW-6425-58206
Odivelas,1818,Johnson-Sanchez,24 Jul 2020,APU-20,H,49,24225.10000,KY-8662-52242
East Zachary,1819,Wirth Mende GmbH & Co. KG,2024-12-02,APU-20,3,70,6379.30000,LX-8844-90783
Odivelas,1820,Wagner,2018-11-21,APU-15,L,3,20582.40000,IM-0737-98204
Jasminebury,1821,Pinto,24 Feb 2016,APU-20,light,9,8394.00000,NC-3732-95184
Cartaxo,1822,Leal S/A,"07/01/2023, 00:00:00",XC-7,L,5,12490.50000,FL-7407-01930
Nicholsburgh,1823,Wiek GmbH & Co. KG,2023/12/25,APU-12,3,109,33896.20000,ZP-2004-68238
Santarém,1824,Wagner,2016/06/01,APU-12,H,87,13944.30000,XW-8129-94023
Aachen,1825,Olson-Wyatt,2021/12/12,APU-12,med,66,10589.00000,ZI-9127-28594
Freising,1826,Karz KG,2022-10-29,APU-12,N,36,8565.10000,XC-9609-55590
Saulgau,1827,Smith-Scott,"02/16/2021, 00:00:00",XC-7,N,61,34053.60000,VH-6405-22668
Thomasland,1828,Pinto,"04/22/2017, 00:00:00",APU-12,L,34,10189.80000,RE-4584-73984
East Candace,1829,Melo,2019/02/12,APU-15,med,0,17503.70000,TG-0233-28358
East Zachary,1830,Riehl Zahn GmbH & Co. OHG,2023/03/27,APU-12,2,68,12114.60000,JC-0909-08726
Miltenberg,1831,Lima,"08/08/2019, 00:00:00",APU-20,1,37,15495.10000,HW-7346-71940
Santarém,1832,Gude GmbH,12 Jul 2019,XC-7,L,43,20196.90000,NW-1756-80991
Grevenbroich,1833,Gude GmbH,"03/02/2023, 00:00:00",APU-12,med,112,12850.30000,UA-3183-24719
Saulgau,1834,Ramos,"10/16/2022, 00:00:00",XC-7,2,51,10815.90000,PH-9575-25604
Kellychester,1835,Jähn,2021-06-30,APU-12,1,28,12996.10000,AA-2708-44354
Miltenberg,1836,Karz KG,2015-10-10,XC-7,N,65,14923.30000,XK-1719-23557
South Amyport,1837,Melo,2020/04/01,APU-20, 1 ,31,17215.60000,QU-2341-21603
Winterston,1838,Metz GmbH & Co. KGaA,28 Apr 2023,XC-7,3,109,6357.00000,PM-9072-92437
West Lisa,1839,Wirth Mende GmbH & Co. KG,2024/10/30,APU-12, L ,62,8163.90000,GK-8974-87720
Adamstad,1840,Olson-Wyatt,2017-05-29,APU-20,2,64,6349.70000,QK-0484-89961
Neu-Ulm,1841,Cameron-Smith,27 Jan 2017,APU-15,H,95,9625.00000,RH-7846-12191
Jenniferton,1842,Wagner,"09/21/2018, 00:00:00",APU-15,1,25,7432.00000,MS-0398-11193
Miranda do Douro,1843,Johnson-Sanchez,2021/07/09,APU-20, light ,113,6023.90000,IU-8656-21241
West Lisa,1844,Wiek GmbH & Co. KG,"08/17/2016, 00:00:00",APU-12,normal,110,4169.60000,TR-8982-32773
Freising,1845,Ribeiro,"09/19/2016, 00:00:00",APU-20,1,13,24505.80000,RE-5496-59654
Goslar,1846,Schenk,2021-07-27,XC-7,H,101,4930.20000,MV-6303-36230
North Roberttown,1847,Jähn,29 May 2022,APU-15,light,3,4903.40000,ER-7972-85548
Peso da Régua,1848,Ramos,2017-07-04,APU-20,heavy,60,9728.00000,HC-8680-09206
Tomar,1849,"Pierce, Fuller and Lester","11/27/2020, 00:00:00",APU-20,L,33,10213.00000,XT-3050-62370
South Melissaside,1850,Branco S/A,09 Oct 2024,APU-15, 3 ,9,9659.10000,XS-0642-67338
Miranda do Douro,1851,Lozano-Nguyen,18 May 2020,APU-20,3,103,10471.70000,WU-2521-05168
Miltenberg,1852,Ortiz Inc,2016/10/10,APU-12,N,4,27164.70000,PC-3452-18718
Neu-Ulm,1853,Ortiz Inc,"09/27/2017, 00:00:00",APU-15,light,77,6592.20000,PJ-1373-43326
Peso da Régua,1854,Smith-Scott,2023/12/16,APU-12,2,45,17576.20000,NA-3065-96664
Waltonport,1855,Leal S/A,2021/04/09,XC-7,N,70,8543.20000,WW-3091-70135
Gouveia,1856,Silva,2017-11-25,APU-12,3,97,12779.60000,SR-9777-06370
Peso da Régua,1857,Lima,26 Apr 2024,APU-20,2,85,8540.60000,LY-1114-87389
Odivelas,1858,Ortiz Inc,05 Sep 2019,APU-15,heavy,81,12347.50000,HU-5980-73436
Odivelas,1859,Wagner,12 Nov 2022,XC-7,normal,65,25746.40000,ZW-6070-46844
East Candace,1860,Melo,"11/28/2023, 00:00:00",APU-12,3,103,2749.70000,IW-2955-93499
Nicholsburgh,1861,Antunes,03 Sep 2020,APU-15,N,15,14313.30000,IF-1460-44548
Thomasland,1862,Ribeiro,26 Apr 2015,APU-12,1,50,11101.00000,DS-3413-99154
Loulé,1863,Eigenwillig AG,2015-03-31,APU-12,3,95,8571.00000,UB-2031-71554
Lake Loriberg,1864,Antunes,2016-06-19,XC-7,L,41,9256.30000,DW-1061-73212
Cartaxo,1865,Johnson-Sanchez,2024-03-27,APU-12,light,2,12037.80000,AJ-5250-27234
Freising,1866,Smith-Scott,2016-09-14,APU-15,normal,51,9356.10000,ED-2341-27916
Dianastad,1867,Smith-Scott,"09/29/2021, 00:00:00",XC-7,2,26,26441.50000,GB-2635-06843
Angra do Heroísmo,1868,Morais,2024-02-11,XC-7,3,93,15605.80000,AK-7993-73266
Miltenberg,1869,Johnson-Sanchez,2017-09-29,APU-15,2,43,15579.40000,LC-1282-77173
Dresden,1870,Silva,"08/08/2024, 00:00:00",XC-7,light,27,23820.10000,RS-4998-54752
Angra do Heroísmo,1871,Henriques S/A,"04/16/2024, 00:00:00",XC-7, med ,53,14389.40000,JQ-9607-89473
Peso da Régua,1872,Riehl Zahn GmbH & Co. OHG,31 Jul 2017,APU-12,L,38,19713.10000,IN-3049-48171
Adamstad,1873,Ortiz Inc,2015-12-16,APU-12,L,15,21297.70000,TN-1173-47981
Loulé,1874,Branco S/A,"07/26/2016, 00:00:00",APU-12,1,14,29787.90000,QX-6420-91237
Winterston,1875,Morais,2020-05-16,APU-15,light,34,6684.60000,KK-7943-33349
Peso da Régua,1876,Wirth Mende GmbH & Co. KG,"07/25/2018, 00:00:00",APU-20, med ,60,,VL-2748-38860
Bad Kissingen,1877,Jähn,"10/28/2019, 00:00:00",XC-7,L,2,4067.80000,DN-2228-49211
Waltonport,1878,Wähner,28 Apr 2024,XC-7,light,17,18620.10000,BF-6741-51808
Ludwigslust,1879,Pinto,"11/17/2020, 00:00:00",XC-7,heavy,97,21594.10000,HB-0024-58392
Waltonport,1880,Johnson-Sanchez,17 Nov 2020,APU-12,light,16,25275.80000,NF-9805-17591
Tomar,1881,Antunes,2023-07-24,APU-20,2,61,10532.20000,RR-0843-22881
North Kimberly,1882,Cameron-Smith,2020/03/30,APU-15,1,5,17114.00000,JS-8479-57852
Angra do Heroísmo,1883,Silva,2017/09/11,APU-20,3,96,7011.70000,AO-2365-52920
Vila Nova de Foz Côa,1884,Schenk,15 Jun 2018,APU-12, light ,35,11066.00000,SZ-4679-91497
Kellychester,1885,Wiek GmbH & Co. KG,2021/10/06,APU-12,L,37,,TV-2102-75654
North Maria,1886,Johnson PLC,"06/19/2021, 00:00:00",APU-15,light,16,9380.50000,SH-9119-50672
South Amyport,1887,Ribeiro,"03/12/2019, 00:00:00",XC-7, 3 ,94,6945.00000,XF-8752-43117
Vila Nova de Santo André,1888,Antunes,04 Sep 2016,APU-15,1,91,9790.20000,GZ-7766-80104
Porto Santo,1889,Schenk,29 Oct 2015,APU-12,L,27,18726.50000,VH-3805-87705
Santo Tirso,1890,Morais,07 Sep 2023,XC-7,3,67,2867.70000,AY-8788-36320
Kellychester,1891,Wagenknecht,2021/12/31,APU-15, med ,63,22733.50000,JD-7430-72767
Thomasland,1892,Melo,09 Apr 2017,XC-7,1,28,15194.60000,VT-2713-71188
Salazarville,1893,Ortiz Inc,2024/12/09,APU-20,H,110,,ZI-6808-35059
Porto Santo,1894,Wagenknecht,2018/03/28,APU-20,normal,67,8989.90000,BW-8911-51425
Angra do Heroísmo,1895,Pinto,17 Jul 2020,APU-12,med,17,22129.30000,GT-0270-62356
Winterston,1896,Wirth Mende GmbH & Co. KG,10 Feb 2024,APU-20,med,72,24602.70000,ES-3386-78829
New Shane,1897,Olson-Wyatt,2023-01-09,APU-12,H,19,7658.80000,AX-1709-10882
Neu-Ulm,1898,Branco S/A,"11/30/2022, 00:00:00",APU-12,med,54,4483.90000,NP-4134-16317
Freising,1899,Lima,2023/07/15,APU-12,1,5,7199.50000,GF-7466-71607
Nicholsburgh,1900,Henriques S/A,2018-04-24,XC-7,1,35,11405.10000,EY-5080-28288
Jasminebury,1901,Gaspar Ferreira S.A.,"08/23/2022, 00:00:00",APU-20,1,38,5056.00000,JQ-8682-62215
Lippstadt,1902,Gude GmbH,2017-01-10,APU-15, light ,39,5168.60000,BE-8079-86841
Porto Santo,1903,Mendes e Filhos,2019/09/03,APU-12,normal,49,15340.50000,SP-0715-45443
Miranda do Douro,1904,Henriques S/A,"02/20/2022, 00:00:00",XC-7,med,88,16679.70000,WD-2183-50430
Mirandela,1905,"Pierce, Fuller and Lester",2020-04-13,APU-12,2,97,12956.70000,RJ-3364-97742
Saulgau,1906,Phillips PLC,17 Feb 2021,APU-20,1,19,17560.10000,NI-2747-70494
North David,1907,Gaspar Ferreira S.A.,26 Jan 2021,APU-15, L ,32,16977.90000,CK-0088-75643
North David,1908,Henriques S/A,2023/09/24,APU-20,normal,58,31833.40000,VZ-5383-69212
Lippstadt,1909,Duncan-Brown,2017/01/14,APU-15,2,74,12274.80000,JY-0381-17365
Miltenberg,1910,Cameron-Smith,"06/28/2017, 00:00:00",XC-7,L,31,10190.00000,SH-8211-65927
Saulgau,1911,Wirth Mende GmbH & Co. KG,2016-10-11,APU-20,normal,63,3025.20000,VS-4687-59918
Jasminebury,1912,Wähner,2022-07-28,APU-15,med,72,12483.30000,ZQ-8557-42628
Wittstock,1913,Silva,"02/08/2019, 00:00:00",APU-15,heavy,117,3734.90000,UL-6547-01681
Sebnitz,1914,Wirth Mende GmbH & Co. KG,2020/05/08,APU-12,2,51,19957.70000,OV-8699-54169
South Melissaside,1915,Lima,2019/01/10,APU-15,1,37,13385.80000,OW-9834-30359
Ribeira Grande,1916,Wiek GmbH & Co. KG,2024/11/02,APU-12,L,6,13157.60000,BZ-2369-01743
Neu-Ulm,1917,Karz KG,"02/15/2016, 00:00:00",APU-15,H,82,18323.50000,QS-7849-47205
North Roberttown,1918,"Pierce, Fuller and Lester",12 Nov 2024,APU-20,H,115,15786.80000,BR-5103-78496
Thomasland,1919,Morais,2023-01-29,XC-7,normal,62,14865.20000,SF-8888-43782
South Amyport,1920,Schenk,2015-04-12,APU-12,2,41,12614.30000,GD-7361-09292
Mccormickborough,1921,Henriques S/A,2022-05-29,APU-20,L,18,4990.30000,CZ-5034-16444
Dresden,1922,Wagenknecht,2023-04-19,APU-20,light,16,9352.10000,HA-3493-65244
Winterston,1923,Wiek GmbH & Co. KG,11 May 2023,APU-12,L,16,13566.40000,AE-7987-95363
Santo Tirso,1924,Wagner,2015-08-20,APU-12,H,12,19324.70000,RO-3168-66875
Neu-Ulm,1925,Lima,24 Oct 2023,APU-12,light,35,6557.80000,DK-6341-95930
Wittstock,1926,Johnson-Sanchez,2015-11-01,APU-20,2,75,8693.80000,IZ-3488-16827
Mccormickborough,1927,Leal S/A,"05/12/2022, 00:00:00",APU-20,1,32,4602.20000,YY-3521-98093
Port Kevin,1928,Gomez-Anderson,2015-08-16,APU-15,3,104,26739.20000,CE-4947-98120
Wittstock,1929,Karz KG,2020-04-10,APU-15,H,117,5116.30000,OV-7701-24919
Cartaxo,1930,Gaspar Ferreira S.A.,2016-11-02,XC-7,2,54,6548.00000,AC-4882-75705
Miltenberg,1931,Wagenknecht,08 Apr 2018,APU-15,2,81,20922.30000,JD-8592-28948
Santarém,1932,Silva,"04/20/2020, 00:00:00",XC-7, H ,102,11208.80000,XI-3847-27689
Tomar,1933,Metz GmbH & Co. KGaA,2023/01/21,APU-15,1,113,45000.00000,FW-9728-26288
Dianastad,1934,Gomez-Anderson,2016-11-25,APU-15, 3 ,78,6775.90000,EX-0244-25429
Lisastad,1935,Johnson-Sanchez,2023-02-07,APU-15,N,71,7906.30000,VW-9490-94268
South Amyport,1936,Pinto,"04/20/2022, 00:00:00",APU-15,L,2,6507.20000,ED-1294-24258
Cartaxo,1937,Cameron-Smith,02 Nov 2017,APU-15,1,37,45000.00000,PS-2098-16219
Setúbal,1938,Smith-Scott,"09/26/2020, 00:00:00",APU-20, 2 ,74,18439.30000,YW-9009-76576
Lippstadt,1939,Wagner,2022-12-22,APU-15,2,76,17116.70000,TQ-5737-34204
North Roberttown,1940,Ortiz Inc,29 Jul 2021,APU-15, L ,2,12091.10000,QF-1496-91905
Wittstock,1941,Mendes e Filhos,2019/12/19,APU-15,1,18,30498.70000,GU-2332-79899
North Roberttown,1942,Smith-Scott,"11/04/2023, 00:00:00",APU-20,light,5,,GZ-2591-86785
North David,1943,Morais,2018/03/08,XC-7,normal,47,6513.70000,UF-5753-84977
Port Kevin,1944,Sousa,2019-06-30,XC-7,1,14,25197.60000,GK-0440-99742
Bad Kissingen,1945,Leal S/A,28 Nov 2017,APU-20, L ,19,4652.90000,CE-7001-96729
East Candace,1946,Sousa,"04/10/2020, 00:00:00",APU-15,L,1,15006.20000,AQ-1435-53905
Aachen,1947,"Pierce, Fuller and Lester","03/27/2020, 00:00:00",APU-15,3,36,13336.50000,OG-3311-16679
Aachen,1948,Metz GmbH & Co. KGaA,2022/09/13,XC-7, 2 ,46,13024.60000,HL-8502-55062
Port Kevin,1949,Antunes,2022/05/31,APU-12,2,41,7877.30000,MH-2724-26457
Devinview,1950,Olson-Wyatt,2020/09/01,APU-12,med,58,6544.10000,MJ-4908-63324
Thomasland,1951,Gude GmbH,20 Jan 2024,APU-12,light,104,11615.20000,HU-6496-30263
Burg,1952,Eigenwillig AG,2022/09/21,XC-7,H,103,12798.00000,OU-7141-66093
Adamstad,1953,Gomez-Anderson,2015/06/17,XC-7,1,95,10091.40000,YA-9780-08132
Port Kevin,1954,Phillips PLC,2020-04-18,XC-7,N,37,6791.20000,UE-0664-88852
Porto Santo,1955,Morais,2022-08-27,APU-12,N,105,5274.00000,GZ-3460-60537
South Melissaside,1956,"Barnes, Ross and Hurst",07 Mar 2020,APU-12,N,39,24516.30000,WV-7285-13986
East Candace,1957,Phillips PLC,2016-08-01,APU-12,2,73,10947.00000,LR-8326-00453
Waltonport,1958,Phillips PLC,15 Jun 2023,APU-12,2,47,7849.20000,VK-6673-58049
Vila Nova de Foz Côa,1959,Johann GmbH,09 Nov 2021,XC-7,N,34,5122.50000,YI-2196-64660
Ludwigslust,1960,Antunes,"05/08/2023, 00:00:00",APU-15,heavy,69,13504.70000,VY-1421-40133
Grevenbroich,1961,Pinto,"03/14/2020, 00:00:00",APU-15,1,4,4340.90000,ZQ-2972-83979
Aachen,1962,Smith-Scott,2015/03/02,APU-15,L,9,9955.60000,ML-1623-26184
Mirandela,1963,Branco S/A,"05/31/2016, 00:00:00",APU-20,H,110,11355.70000,ZC-0378-80389
Vila Nova de Santo André,1964,Morais,"03/28/2015, 00:00:00",APU-15,3,31,16990.90000,ZE-1254-00378
Ribeira Grande,1965,Duncan-Brown,26 May 2021,APU-12,light,16,12453.90000,BJ-5525-80321
Artern,1966,Wähner,17 Jun 2018,XC-7,med,47,18841.20000,BI-5442-34110
Santarém,1967,Wähner,2019/09/30,APU-15, 2 ,48,8061.80000,GF-3563-08985
Cartaxo,1968,Möchlichen,06 Nov 2017,XC-7,light,85,36991.70000,CH-5134-19612
Artern,1969,Smith-Scott,25 Feb 2021,APU-15,heavy,108,16757.30000,GK-6285-04810
West Lisa,1970,Metz GmbH & Co. KGaA,2015-07-03,APU-20,L,15,11994.70000,IY-3814-40063
Genthin,1971,Melo,2020-01-06,APU-20,N,70,11434.40000,TU-7767-32039
Devinview,1972,Schenk,2018-09-19,APU-20,med,65,13148.50000,AR-6234-94177
Miltenberg,1973,Antunes,2015/02/27,APU-12,N,59,15727.50000,IC-2672-72139
Peso da Régua,1974,Antunes,2016-07-31,APU-12,light,5,9046.90000,KP-0827-85682
East Candace,1975,Lima,2023/03/10,XC-7,light,32,10179.30000,ZQ-7355-81905
Lake Loriberg,1976,Gomez-Anderson,2019-01-01,APU-20,normal,55,14852.30000,JN-0920-39635
Fergusonport,1977,Leal S/A,2017/07/23,XC-7,normal,59,26007.80000,RL-8430-18922
North David,1978,Ortiz Inc,2020-01-03,XC-7,light,29,21431.30000,NH-2528-24378
Fergusonport,1979,Sousa,2021/03/04,APU-12,light,23,27127.90000,NB-7153-99259
Miranda do Douro,1980,Schenk,2015/02/12,APU-12,light,47,9031.40000,JB-0989-30110
Miranda do Douro,1981,Wähner,"07/06/2022, 00:00:00",XC-7, light ,21,7924.40000,OG-7157-55602
Lippstadt,1982,Morais,2020/07/28,APU-20,1,7,8497.00000,HM-4558-65210
Dresden,1983,Branco S/A,2020-01-07,XC-7, 2 ,51,14496.30000,XH-1365-01455
Lake Loriberg,1984,Gomez-Anderson,2024-08-06,APU-15,light,5,26209.10000,CF-7226-55681
Gouveia,1985,Cameron-Smith,07 Apr 2019,APU-20,normal,61,12302.20000,CB-9375-62207
Grevenbroich,1986,Melo,2021/12/18,APU-12, 3 ,27,3610.30000,VO-5319-81641
Artern,1987,Schenk,2019-10-04,APU-12,1,109,9887.50000,ER-8255-51136
South Melissaside,1988,Pinto,2016-06-28,APU-12,light,10,25919.10000,MH-7662-39072
Goslar,1989,Wiek GmbH & Co. KG,02 Jun 2019,XC-7,1,38,6312.60000,CA-8462-63991
North Roberttown,1990,Lozano-Nguyen,"05/16/2017, 00:00:00",APU-15,heavy,112,10153.30000,HX-4104-40395
Miltenberg,1991,Ribeiro,2017-03-02,APU-20,med,50,22582.80000,LL-9918-50112
South Melissaside,1992,Möchlichen,"10/23/2015, 00:00:00",APU-12, 1 ,25,8733.50000,GD-1949-76901
East Zachary,1993,Möchlichen,15 Jan 2015,APU-12,1,65,45000.00000,YO-3207-89485
Lisastad,1994,"Barnes, Ross and Hurst",2016-04-04,APU-12,N,53,31667.60000,ZC-2810-09317
Genthin,1995,Möchlichen,12 Jan 2020,APU-12,normal,41,12151.90000,KQ-6793-23991
Winterston,1996,Leal S/A,18 Dec 2023,XC-7,3,33,,HP-7622-05671
Goslar,1997,Johnson-Sanchez,08 Feb 2017,APU-20, L ,7,14979.50000,FZ-9328-81090
Vila Nova de Santo André,1998,Antunes,2016/05/03,APU-12, 2 ,68,9928.80000,BV-6559-48073
Lippstadt,1999,Antunes,2024/09/20,APU-20,2,8,29535.80000,NJ-5380-69337
Waltonport,2000,Wähner,2020-12-07,XC-7,1,34,26599.80000,WR-8944-20800
